{"frames": {

"bar":
{
	"frame": {"x":323,"y":372,"w":370,"h":31},
	"rotated": false,
	"trimmed": false,
	"spriteSourceSize": {"x":0,"y":0,"w":370,"h":31},
	"sourceSize": {"w":370,"h":31},
	"pivot": {"x":0.5,"y":0.5}
},
"barBg":
{
	"frame": {"x":323,"y":323,"w":378,"h":47},
	"rotated": false,
	"trimmed": false,
	"spriteSourceSize": {"x":0,"y":0,"w":378,"h":47},
	"sourceSize": {"w":378,"h":47},
	"pivot": {"x":0.5,"y":0.5}
},
"barTitle":
{
	"frame": {"x":323,"y":405,"w":138,"h":29},
	"rotated": false,
	"trimmed": false,
	"spriteSourceSize": {"x":0,"y":0,"w":138,"h":29},
	"sourceSize": {"w":138,"h":29},
	"pivot": {"x":0.5,"y":0.5}
},
"bg":
{
	"frame": {"x":1,"y":1,"w":320,"h":640},
	"rotated": true,
	"trimmed": false,
	"spriteSourceSize": {"x":0,"y":0,"w":320,"h":640},
	"sourceSize": {"w":320,"h":640},
	"pivot": {"x":0.5,"y":0.5}
},
"clouds":
{
	"frame": {"x":1,"y":323,"w":320,"h":89},
	"rotated": false,
	"trimmed": false,
	"spriteSourceSize": {"x":0,"y":0,"w":320,"h":89},
	"sourceSize": {"w":320,"h":89},
	"pivot": {"x":0.5,"y":0.5}
},
"gumball":
{
	"frame": {"x":937,"y":1,"w":265,"h":287},
	"rotated": false,
	"trimmed": false,
	"spriteSourceSize": {"x":0,"y":0,"w":265,"h":287},
	"sourceSize": {"w":265,"h":287},
	"pivot": {"x":0.5,"y":0.5}
},
"gumballLogo":
{
	"frame": {"x":937,"y":290,"w":174,"h":124},
	"rotated": false,
	"trimmed": false,
	"spriteSourceSize": {"x":0,"y":0,"w":174,"h":124},
	"sourceSize": {"w":174,"h":124},
	"pivot": {"x":0.5,"y":0.5}
},
"planet":
{
	"frame": {"x":643,"y":1,"w":301,"h":292},
	"rotated": true,
	"trimmed": false,
	"spriteSourceSize": {"x":0,"y":0,"w":301,"h":292},
	"sourceSize": {"w":301,"h":292},
	"pivot": {"x":0.5,"y":0.5}
}},
"meta": {
	"app": "http://www.codeandweb.com/texturepacker",
	"version": "1.0",
	"image": "atlas_0.png",
	"format": "RGBA8888",
	"size": {"w":1203,"h":435},
	"scale": "1",
	"smartupdate": "$TexturePacker:SmartUpdate:bb8c7fb7be266462dbabac756c5309d8:2bc5339708b9c37210b59471f49436bc:706f367750a4a47d7feca429705e8a03$"
}
}
