{"frames": {

"bg_0":
{
	"frame": {"x":1,"y":1,"w":1024,"h":1024},
	"rotated": false,
	"trimmed": false,
	"spriteSourceSize": {"x":0,"y":0,"w":1024,"h":1024},
	"sourceSize": {"w":1024,"h":1024},
	"pivot": {"x":0.5,"y":0.5}
},
"bg_1":
{
	"frame": {"x":1,"y":1027,"w":893,"h":1024},
	"rotated": false,
	"trimmed": true,
	"spriteSourceSize": {"x":28,"y":0,"w":893,"h":1024},
	"sourceSize": {"w":1024,"h":1024},
	"pivot": {"x":0.5,"y":0.5}
},
"btnGreen_0":
{
	"frame": {"x":1601,"y":999,"w":306,"h":83},
	"rotated": false,
	"trimmed": false,
	"spriteSourceSize": {"x":0,"y":0,"w":306,"h":83},
	"sourceSize": {"w":306,"h":83},
	"pivot": {"x":0.5,"y":0.5}
},
"btnGreen_1":
{
	"frame": {"x":1662,"y":1412,"w":306,"h":81},
	"rotated": false,
	"trimmed": true,
	"spriteSourceSize": {"x":0,"y":2,"w":306,"h":81},
	"sourceSize": {"w":306,"h":83},
	"pivot": {"x":0.5,"y":0.5}
},
"btnGreenS_0":
{
	"frame": {"x":1194,"y":1483,"w":190,"h":74},
	"rotated": false,
	"trimmed": false,
	"spriteSourceSize": {"x":0,"y":0,"w":190,"h":74},
	"sourceSize": {"w":190,"h":74},
	"pivot": {"x":0.5,"y":0.5}
},
"btnGreenS_1":
{
	"frame": {"x":1703,"y":1672,"w":190,"h":72},
	"rotated": false,
	"trimmed": true,
	"spriteSourceSize": {"x":0,"y":2,"w":190,"h":72},
	"sourceSize": {"w":190,"h":74},
	"pivot": {"x":0.5,"y":0.5}
},
"btnPause_0":
{
	"frame": {"x":1846,"y":1084,"w":85,"h":93},
	"rotated": false,
	"trimmed": false,
	"spriteSourceSize": {"x":0,"y":0,"w":85,"h":93},
	"sourceSize": {"w":85,"h":93},
	"pivot": {"x":0.5,"y":0.5}
},
"btnPause_1":
{
	"frame": {"x":1961,"y":1280,"w":85,"h":92},
	"rotated": false,
	"trimmed": true,
	"spriteSourceSize": {"x":0,"y":1,"w":85,"h":92},
	"sourceSize": {"w":85,"h":93},
	"pivot": {"x":0.5,"y":0.5}
},
"btnPink_0":
{
	"frame": {"x":550,"y":2742,"w":306,"h":83},
	"rotated": false,
	"trimmed": false,
	"spriteSourceSize": {"x":0,"y":0,"w":306,"h":83},
	"sourceSize": {"w":306,"h":83},
	"pivot": {"x":0.5,"y":0.5}
},
"btnPink_1":
{
	"frame": {"x":896,"y":1985,"w":306,"h":81},
	"rotated": false,
	"trimmed": true,
	"spriteSourceSize": {"x":0,"y":2,"w":306,"h":81},
	"sourceSize": {"w":306,"h":83},
	"pivot": {"x":0.5,"y":0.5}
},
"btnPlay_0":
{
	"frame": {"x":356,"y":2552,"w":192,"h":204},
	"rotated": false,
	"trimmed": false,
	"spriteSourceSize": {"x":0,"y":0,"w":192,"h":204},
	"sourceSize": {"w":192,"h":204},
	"pivot": {"x":0.5,"y":0.5}
},
"btnPlay_1":
{
	"frame": {"x":1055,"y":2068,"w":192,"h":201},
	"rotated": false,
	"trimmed": true,
	"spriteSourceSize": {"x":0,"y":3,"w":192,"h":201},
	"sourceSize": {"w":192,"h":204},
	"pivot": {"x":0.5,"y":0.5}
},
"btnRedS_0":
{
	"frame": {"x":1386,"y":1483,"w":190,"h":74},
	"rotated": false,
	"trimmed": false,
	"spriteSourceSize": {"x":0,"y":0,"w":190,"h":74},
	"sourceSize": {"w":190,"h":74},
	"pivot": {"x":0.5,"y":0.5}
},
"btnShowAd_0":
{
	"frame": {"x":1,"y":2714,"w":306,"h":95},
	"rotated": false,
	"trimmed": false,
	"spriteSourceSize": {"x":0,"y":0,"w":306,"h":95},
	"sourceSize": {"w":306,"h":95},
	"pivot": {"x":0.5,"y":0.5}
},
"btnShowAd_1":
{
	"frame": {"x":1538,"y":1084,"w":306,"h":93},
	"rotated": false,
	"trimmed": true,
	"spriteSourceSize": {"x":0,"y":2,"w":306,"h":93},
	"sourceSize": {"w":306,"h":95},
	"pivot": {"x":0.5,"y":0.5}
},
"btnYellowS_0":
{
	"frame": {"x":1308,"y":1914,"w":190,"h":74},
	"rotated": false,
	"trimmed": false,
	"spriteSourceSize": {"x":0,"y":0,"w":190,"h":74},
	"sourceSize": {"w":190,"h":74},
	"pivot": {"x":0.5,"y":0.5}
},
"btnYellowS_1":
{
	"frame": {"x":1831,"y":1923,"w":190,"h":72},
	"rotated": false,
	"trimmed": true,
	"spriteSourceSize": {"x":0,"y":2,"w":190,"h":72},
	"sourceSize": {"w":190,"h":74},
	"pivot": {"x":0.5,"y":0.5}
},
"btnYellowS_2":
{
	"frame": {"x":1639,"y":1923,"w":190,"h":74},
	"rotated": false,
	"trimmed": false,
	"spriteSourceSize": {"x":0,"y":0,"w":190,"h":74},
	"sourceSize": {"w":190,"h":74},
	"pivot": {"x":0.5,"y":0.5}
},
"card":
{
	"frame": {"x":1027,"y":1,"w":572,"h":1066},
	"rotated": false,
	"trimmed": false,
	"spriteSourceSize": {"x":0,"y":0,"w":572,"h":1066},
	"sourceSize": {"w":572,"h":1066},
	"pivot": {"x":0.5,"y":0.5}
},
"char_0_flight_0":
{
	"frame": {"x":1810,"y":2100,"w":64,"h":83},
	"rotated": false,
	"trimmed": true,
	"spriteSourceSize": {"x":5,"y":12,"w":64,"h":83},
	"sourceSize": {"w":69,"h":95},
	"pivot": {"x":0.5,"y":0.5}
},
"char_0_flight_1":
{
	"frame": {"x":1649,"y":2543,"w":64,"h":83},
	"rotated": false,
	"trimmed": true,
	"spriteSourceSize": {"x":5,"y":12,"w":64,"h":83},
	"sourceSize": {"w":69,"h":95},
	"pivot": {"x":0.5,"y":0.5}
},
"char_0_flight_2":
{
	"frame": {"x":1985,"y":1,"w":62,"h":95},
	"rotated": false,
	"trimmed": true,
	"spriteSourceSize": {"x":0,"y":0,"w":62,"h":95},
	"sourceSize": {"w":69,"h":95},
	"pivot": {"x":0.5,"y":0.5}
},
"char_0_flight_3":
{
	"frame": {"x":1797,"y":2185,"w":64,"h":80},
	"rotated": false,
	"trimmed": true,
	"spriteSourceSize": {"x":5,"y":15,"w":64,"h":80},
	"sourceSize": {"w":69,"h":95},
	"pivot": {"x":0.5,"y":0.5}
},
"char_0_flight_4":
{
	"frame": {"x":1928,"y":2546,"w":64,"h":82},
	"rotated": false,
	"trimmed": true,
	"spriteSourceSize": {"x":5,"y":13,"w":64,"h":82},
	"sourceSize": {"w":69,"h":95},
	"pivot": {"x":0.5,"y":0.5}
},
"char_0_idle_0":
{
	"frame": {"x":1715,"y":2543,"w":60,"h":84},
	"rotated": false,
	"trimmed": false,
	"spriteSourceSize": {"x":0,"y":0,"w":60,"h":84},
	"sourceSize": {"w":60,"h":84},
	"pivot": {"x":0.5,"y":0.5}
},
"char_0_idle_1":
{
	"frame": {"x":1777,"y":2543,"w":60,"h":84},
	"rotated": false,
	"trimmed": false,
	"spriteSourceSize": {"x":0,"y":0,"w":60,"h":84},
	"sourceSize": {"w":60,"h":84},
	"pivot": {"x":0.5,"y":0.5}
},
"char_0_panic_0":
{
	"frame": {"x":1771,"y":2460,"w":61,"h":81},
	"rotated": false,
	"trimmed": true,
	"spriteSourceSize": {"x":1,"y":3,"w":61,"h":81},
	"sourceSize": {"w":62,"h":84},
	"pivot": {"x":0.5,"y":0.5}
},
"char_0_panic_1":
{
	"frame": {"x":1768,"y":2730,"w":61,"h":81},
	"rotated": false,
	"trimmed": true,
	"spriteSourceSize": {"x":1,"y":3,"w":61,"h":81},
	"sourceSize": {"w":62,"h":84},
	"pivot": {"x":0.5,"y":0.5}
},
"char_1_flight_0":
{
	"frame": {"x":1907,"y":2631,"w":65,"h":85},
	"rotated": false,
	"trimmed": true,
	"spriteSourceSize": {"x":8,"y":6,"w":65,"h":85},
	"sourceSize": {"w":73,"h":91},
	"pivot": {"x":0.5,"y":0.5}
},
"char_1_flight_1":
{
	"frame": {"x":1974,"y":2630,"w":65,"h":85},
	"rotated": false,
	"trimmed": true,
	"spriteSourceSize": {"x":8,"y":6,"w":65,"h":85},
	"sourceSize": {"w":73,"h":91},
	"pivot": {"x":0.5,"y":0.5}
},
"char_1_flight_2":
{
	"frame": {"x":1549,"y":2734,"w":67,"h":91},
	"rotated": false,
	"trimmed": true,
	"spriteSourceSize": {"x":0,"y":0,"w":67,"h":91},
	"sourceSize": {"w":73,"h":91},
	"pivot": {"x":0.5,"y":0.5}
},
"char_1_flight_3":
{
	"frame": {"x":1839,"y":2631,"w":66,"h":85},
	"rotated": false,
	"trimmed": true,
	"spriteSourceSize": {"x":7,"y":6,"w":66,"h":85},
	"sourceSize": {"w":73,"h":91},
	"pivot": {"x":0.5,"y":0.5}
},
"char_1_flight_4":
{
	"frame": {"x":1701,"y":2728,"w":65,"h":85},
	"rotated": false,
	"trimmed": true,
	"spriteSourceSize": {"x":7,"y":6,"w":65,"h":85},
	"sourceSize": {"w":73,"h":91},
	"pivot": {"x":0.5,"y":0.5}
},
"char_1_idle_0":
{
	"frame": {"x":1985,"y":261,"w":59,"h":85},
	"rotated": false,
	"trimmed": false,
	"spriteSourceSize": {"x":0,"y":0,"w":59,"h":85},
	"sourceSize": {"w":59,"h":85},
	"pivot": {"x":0.5,"y":0.5}
},
"char_1_idle_1":
{
	"frame": {"x":1802,"y":2267,"w":59,"h":85},
	"rotated": false,
	"trimmed": false,
	"spriteSourceSize": {"x":0,"y":0,"w":59,"h":85},
	"sourceSize": {"w":59,"h":85},
	"pivot": {"x":0.5,"y":0.5}
},
"char_1_panic_0":
{
	"frame": {"x":1682,"y":2462,"w":87,"h":79},
	"rotated": false,
	"trimmed": false,
	"spriteSourceSize": {"x":0,"y":0,"w":87,"h":79},
	"sourceSize": {"w":87,"h":79},
	"pivot": {"x":0.5,"y":0.5}
},
"char_1_panic_1":
{
	"frame": {"x":1834,"y":2462,"w":69,"h":79},
	"rotated": false,
	"trimmed": true,
	"spriteSourceSize": {"x":0,"y":0,"w":69,"h":79},
	"sourceSize": {"w":87,"h":79},
	"pivot": {"x":0.5,"y":0.5}
},
"char_2_flight_0":
{
	"frame": {"x":1707,"y":2100,"w":101,"h":81},
	"rotated": false,
	"trimmed": false,
	"spriteSourceSize": {"x":0,"y":0,"w":101,"h":81},
	"sourceSize": {"w":101,"h":81},
	"pivot": {"x":0.5,"y":0.5}
},
"char_2_flight_1":
{
	"frame": {"x":1863,"y":2277,"w":100,"h":81},
	"rotated": false,
	"trimmed": false,
	"spriteSourceSize": {"x":0,"y":0,"w":100,"h":81},
	"sourceSize": {"w":100,"h":81},
	"pivot": {"x":0.5,"y":0.5}
},
"char_2_flight_2":
{
	"frame": {"x":1615,"y":2268,"w":76,"h":104},
	"rotated": false,
	"trimmed": true,
	"spriteSourceSize": {"x":6,"y":0,"w":76,"h":104},
	"sourceSize": {"w":107,"h":104},
	"pivot": {"x":0.5,"y":0.5}
},
"char_2_flight_3":
{
	"frame": {"x":1587,"y":2374,"w":104,"h":86},
	"rotated": false,
	"trimmed": true,
	"spriteSourceSize": {"x":0,"y":17,"w":104,"h":86},
	"sourceSize": {"w":107,"h":104},
	"pivot": {"x":0.5,"y":0.5}
},
"char_2_flight_4":
{
	"frame": {"x":1863,"y":2191,"w":101,"h":84},
	"rotated": false,
	"trimmed": false,
	"spriteSourceSize": {"x":0,"y":0,"w":101,"h":84},
	"sourceSize": {"w":101,"h":84},
	"pivot": {"x":0.5,"y":0.5}
},
"char_2_idle_0":
{
	"frame": {"x":1584,"y":2462,"w":96,"h":79},
	"rotated": false,
	"trimmed": false,
	"spriteSourceSize": {"x":0,"y":0,"w":96,"h":79},
	"sourceSize": {"w":96,"h":79},
	"pivot": {"x":0.5,"y":0.5}
},
"char_2_idle_1":
{
	"frame": {"x":1551,"y":2543,"w":96,"h":79},
	"rotated": false,
	"trimmed": false,
	"spriteSourceSize": {"x":0,"y":0,"w":96,"h":79},
	"sourceSize": {"w":96,"h":79},
	"pivot": {"x":0.5,"y":0.5}
},
"char_2_panic_0":
{
	"frame": {"x":1691,"y":2183,"w":104,"h":82},
	"rotated": false,
	"trimmed": true,
	"spriteSourceSize": {"x":0,"y":0,"w":104,"h":82},
	"sourceSize": {"w":114,"h":82},
	"pivot": {"x":0.5,"y":0.5}
},
"char_2_panic_1":
{
	"frame": {"x":1499,"y":2272,"w":114,"h":80},
	"rotated": false,
	"trimmed": true,
	"spriteSourceSize": {"x":0,"y":2,"w":114,"h":80},
	"sourceSize": {"w":114,"h":82},
	"pivot": {"x":0.5,"y":0.5}
},
"char_3_flight_0":
{
	"frame": {"x":1971,"y":2099,"w":74,"h":93},
	"rotated": false,
	"trimmed": true,
	"spriteSourceSize": {"x":12,"y":0,"w":74,"h":93},
	"sourceSize": {"w":90,"h":94},
	"pivot": {"x":0.5,"y":0.5}
},
"char_3_flight_1":
{
	"frame": {"x":1619,"y":2628,"w":80,"h":93},
	"rotated": false,
	"trimmed": true,
	"spriteSourceSize": {"x":6,"y":0,"w":80,"h":93},
	"sourceSize": {"w":90,"h":94},
	"pivot": {"x":0.5,"y":0.5}
},
"char_3_flight_2":
{
	"frame": {"x":1460,"y":2626,"w":87,"h":92},
	"rotated": false,
	"trimmed": true,
	"spriteSourceSize": {"x":3,"y":2,"w":87,"h":92},
	"sourceSize": {"w":90,"h":94},
	"pivot": {"x":0.5,"y":0.5}
},
"char_3_flight_3":
{
	"frame": {"x":1460,"y":2720,"w":87,"h":87},
	"rotated": false,
	"trimmed": true,
	"spriteSourceSize": {"x":0,"y":7,"w":87,"h":87},
	"sourceSize": {"w":90,"h":94},
	"pivot": {"x":0.5,"y":0.5}
},
"char_3_flight_4":
{
	"frame": {"x":1971,"y":2099,"w":74,"h":93},
	"rotated": false,
	"trimmed": true,
	"spriteSourceSize": {"x":12,"y":0,"w":74,"h":93},
	"sourceSize": {"w":90,"h":94},
	"pivot": {"x":0.5,"y":0.5}
},
"char_3_idle_0":
{
	"frame": {"x":1909,"y":988,"w":107,"h":91},
	"rotated": false,
	"trimmed": false,
	"spriteSourceSize": {"x":0,"y":0,"w":107,"h":91},
	"sourceSize": {"w":107,"h":91},
	"pivot": {"x":0.5,"y":0.5}
},
"char_3_idle_1":
{
	"frame": {"x":1693,"y":2267,"w":107,"h":91},
	"rotated": false,
	"trimmed": false,
	"spriteSourceSize": {"x":0,"y":0,"w":107,"h":91},
	"sourceSize": {"w":107,"h":91},
	"pivot": {"x":0.5,"y":0.5}
},
"char_3_panic_0":
{
	"frame": {"x":1482,"y":2453,"w":100,"h":78},
	"rotated": false,
	"trimmed": true,
	"spriteSourceSize": {"x":0,"y":8,"w":100,"h":78},
	"sourceSize": {"w":100,"h":86},
	"pivot": {"x":0.5,"y":0.5}
},
"char_3_panic_1":
{
	"frame": {"x":1839,"y":2543,"w":87,"h":86},
	"rotated": false,
	"trimmed": true,
	"spriteSourceSize": {"x":13,"y":0,"w":87,"h":86},
	"sourceSize": {"w":100,"h":86},
	"pivot": {"x":0.5,"y":0.5}
},
"char_4_flight_0":
{
	"frame": {"x":858,"y":2727,"w":133,"h":98},
	"rotated": false,
	"trimmed": true,
	"spriteSourceSize": {"x":0,"y":19,"w":133,"h":98},
	"sourceSize": {"w":133,"h":117},
	"pivot": {"x":0.5,"y":0.5}
},
"char_4_flight_1":
{
	"frame": {"x":1345,"y":2709,"w":113,"h":100},
	"rotated": false,
	"trimmed": true,
	"spriteSourceSize": {"x":14,"y":17,"w":113,"h":100},
	"sourceSize": {"w":133,"h":117},
	"pivot": {"x":0.5,"y":0.5}
},
"char_4_flight_2":
{
	"frame": {"x":1633,"y":2012,"w":72,"h":117},
	"rotated": false,
	"trimmed": true,
	"spriteSourceSize": {"x":54,"y":0,"w":72,"h":117},
	"sourceSize": {"w":133,"h":117},
	"pivot": {"x":0.5,"y":0.5}
},
"char_4_flight_3":
{
	"frame": {"x":1961,"y":1081,"w":86,"h":108},
	"rotated": false,
	"trimmed": true,
	"spriteSourceSize": {"x":46,"y":9,"w":86,"h":108},
	"sourceSize": {"w":133,"h":117},
	"pivot": {"x":0.5,"y":0.5}
},
"char_4_flight_4":
{
	"frame": {"x":993,"y":2727,"w":133,"h":98},
	"rotated": false,
	"trimmed": true,
	"spriteSourceSize": {"x":0,"y":19,"w":133,"h":98},
	"sourceSize": {"w":133,"h":117},
	"pivot": {"x":0.5,"y":0.5}
},
"char_4_idle_0":
{
	"frame": {"x":1895,"y":1647,"w":137,"h":96},
	"rotated": false,
	"trimmed": false,
	"spriteSourceSize": {"x":0,"y":0,"w":137,"h":96},
	"sourceSize": {"w":137,"h":96},
	"pivot": {"x":0.5,"y":0.5}
},
"char_4_idle_1":
{
	"frame": {"x":1500,"y":1914,"w":137,"h":96},
	"rotated": false,
	"trimmed": false,
	"spriteSourceSize": {"x":0,"y":0,"w":137,"h":96},
	"sourceSize": {"w":137,"h":96},
	"pivot": {"x":0.5,"y":0.5}
},
"char_4_panic_0":
{
	"frame": {"x":1249,"y":2147,"w":134,"h":91},
	"rotated": false,
	"trimmed": true,
	"spriteSourceSize": {"x":0,"y":25,"w":134,"h":91},
	"sourceSize": {"w":136,"h":116},
	"pivot": {"x":0.5,"y":0.5}
},
"char_4_panic_1":
{
	"frame": {"x":1241,"y":2709,"w":102,"h":116},
	"rotated": false,
	"trimmed": true,
	"spriteSourceSize": {"x":34,"y":0,"w":102,"h":116},
	"sourceSize": {"w":136,"h":116},
	"pivot": {"x":0.5,"y":0.5}
},
"char_5_flight_0":
{
	"frame": {"x":1972,"y":1997,"w":67,"h":100},
	"rotated": false,
	"trimmed": true,
	"spriteSourceSize": {"x":0,"y":0,"w":67,"h":100},
	"sourceSize": {"w":93,"h":100},
	"pivot": {"x":0.5,"y":0.5}
},
"char_5_flight_1":
{
	"frame": {"x":1884,"y":2360,"w":79,"h":100},
	"rotated": false,
	"trimmed": true,
	"spriteSourceSize": {"x":0,"y":0,"w":79,"h":100},
	"sourceSize": {"w":93,"h":100},
	"pivot": {"x":0.5,"y":0.5}
},
"char_5_flight_2":
{
	"frame": {"x":1965,"y":2291,"w":82,"h":100},
	"rotated": false,
	"trimmed": true,
	"spriteSourceSize": {"x":0,"y":0,"w":82,"h":100},
	"sourceSize": {"w":93,"h":100},
	"pivot": {"x":0.5,"y":0.5}
},
"char_5_flight_3":
{
	"frame": {"x":1876,"y":2097,"w":93,"h":92},
	"rotated": false,
	"trimmed": true,
	"spriteSourceSize": {"x":0,"y":0,"w":93,"h":92},
	"sourceSize": {"w":93,"h":100},
	"pivot": {"x":0.5,"y":0.5}
},
"char_5_flight_4":
{
	"frame": {"x":1701,"y":2629,"w":69,"h":97},
	"rotated": false,
	"trimmed": true,
	"spriteSourceSize": {"x":0,"y":0,"w":69,"h":97},
	"sourceSize": {"w":93,"h":100},
	"pivot": {"x":0.5,"y":0.5}
},
"char_5_idle_0":
{
	"frame": {"x":1809,"y":1999,"w":65,"h":99},
	"rotated": false,
	"trimmed": false,
	"spriteSourceSize": {"x":0,"y":0,"w":65,"h":99},
	"sourceSize": {"w":65,"h":99},
	"pivot": {"x":0.5,"y":0.5}
},
"char_5_idle_1":
{
	"frame": {"x":1772,"y":2629,"w":65,"h":99},
	"rotated": false,
	"trimmed": false,
	"spriteSourceSize": {"x":0,"y":0,"w":65,"h":99},
	"sourceSize": {"w":65,"h":99},
	"pivot": {"x":0.5,"y":0.5}
},
"char_5_panic_0":
{
	"frame": {"x":1460,"y":2533,"w":89,"h":91},
	"rotated": false,
	"trimmed": true,
	"spriteSourceSize": {"x":0,"y":0,"w":89,"h":91},
	"sourceSize": {"w":93,"h":91},
	"pivot": {"x":0.5,"y":0.5}
},
"char_5_panic_1":
{
	"frame": {"x":1789,"y":2360,"w":93,"h":91},
	"rotated": false,
	"trimmed": false,
	"spriteSourceSize": {"x":0,"y":0,"w":93,"h":91},
	"sourceSize": {"w":93,"h":91},
	"pivot": {"x":0.5,"y":0.5}
},
"char_6_flight_0":
{
	"frame": {"x":1693,"y":2360,"w":94,"h":98},
	"rotated": false,
	"trimmed": true,
	"spriteSourceSize": {"x":0,"y":33,"w":94,"h":98},
	"sourceSize": {"w":94,"h":131},
	"pivot": {"x":0.5,"y":0.5}
},
"char_6_flight_1":
{
	"frame": {"x":1549,"y":2626,"w":68,"h":106},
	"rotated": false,
	"trimmed": true,
	"spriteSourceSize": {"x":18,"y":25,"w":68,"h":106},
	"sourceSize": {"w":94,"h":131},
	"pivot": {"x":0.5,"y":0.5}
},
"char_6_flight_2":
{
	"frame": {"x":1411,"y":2340,"w":69,"h":131},
	"rotated": false,
	"trimmed": true,
	"spriteSourceSize": {"x":25,"y":0,"w":69,"h":131},
	"sourceSize": {"w":94,"h":131},
	"pivot": {"x":0.5,"y":0.5}
},
"char_6_flight_3":
{
	"frame": {"x":1970,"y":1374,"w":75,"h":118},
	"rotated": false,
	"trimmed": true,
	"spriteSourceSize": {"x":10,"y":13,"w":75,"h":118},
	"sourceSize": {"w":94,"h":131},
	"pivot": {"x":0.5,"y":0.5}
},
"char_6_flight_4":
{
	"frame": {"x":1876,"y":1997,"w":94,"h":98},
	"rotated": false,
	"trimmed": true,
	"spriteSourceSize": {"x":0,"y":33,"w":94,"h":98},
	"sourceSize": {"w":94,"h":131},
	"pivot": {"x":0.5,"y":0.5}
},
"char_6_idle_0":
{
	"frame": {"x":1966,"y":2194,"w":81,"h":95},
	"rotated": false,
	"trimmed": false,
	"spriteSourceSize": {"x":0,"y":0,"w":81,"h":95},
	"sourceSize": {"w":81,"h":95},
	"pivot": {"x":0.5,"y":0.5}
},
"char_6_idle_1":
{
	"frame": {"x":1965,"y":2393,"w":81,"h":95},
	"rotated": false,
	"trimmed": false,
	"spriteSourceSize": {"x":0,"y":0,"w":81,"h":95},
	"sourceSize": {"w":81,"h":95},
	"pivot": {"x":0.5,"y":0.5}
},
"char_6_panic1":
{
	"frame": {"x":1614,"y":2145,"w":75,"h":121},
	"rotated": false,
	"trimmed": true,
	"spriteSourceSize": {"x":4,"y":0,"w":75,"h":121},
	"sourceSize": {"w":107,"h":121},
	"pivot": {"x":0.5,"y":0.5}
},
"char_6_panic_0":
{
	"frame": {"x":1128,"y":2727,"w":107,"h":98},
	"rotated": false,
	"trimmed": true,
	"spriteSourceSize": {"x":0,"y":23,"w":107,"h":98},
	"sourceSize": {"w":107,"h":121},
	"pivot": {"x":0.5,"y":0.5}
},
"charBubble":
{
	"frame": {"x":1,"y":2552,"w":353,"h":160},
	"rotated": false,
	"trimmed": false,
	"spriteSourceSize": {"x":0,"y":0,"w":353,"h":160},
	"sourceSize": {"w":353,"h":160},
	"pivot": {"x":0.5,"y":0.5}
},
"charPortrait_0_1":
{
	"frame": {"x":1879,"y":355,"w":168,"h":172},
	"rotated": false,
	"trimmed": true,
	"spriteSourceSize": {"x":8,"y":4,"w":168,"h":172},
	"sourceSize": {"w":190,"h":176},
	"pivot": {"x":0.5,"y":0.5}
},
"charPortrait_1_0":
{
	"frame": {"x":1130,"y":1751,"w":176,"h":175},
	"rotated": false,
	"trimmed": true,
	"spriteSourceSize": {"x":14,"y":1,"w":176,"h":175},
	"sourceSize": {"w":190,"h":176},
	"pivot": {"x":0.5,"y":0.5}
},
"charPortrait_1_1":
{
	"frame": {"x":1488,"y":1737,"w":176,"h":175},
	"rotated": false,
	"trimmed": true,
	"spriteSourceSize": {"x":14,"y":1,"w":176,"h":175},
	"sourceSize": {"w":190,"h":176},
	"pivot": {"x":0.5,"y":0.5}
},
"charPortrait_2_0":
{
	"frame": {"x":1879,"y":529,"w":168,"h":161},
	"rotated": false,
	"trimmed": true,
	"spriteSourceSize": {"x":14,"y":15,"w":168,"h":161},
	"sourceSize": {"w":190,"h":176},
	"pivot": {"x":0.5,"y":0.5}
},
"charPortrait_2_1":
{
	"frame": {"x":1879,"y":692,"w":168,"h":161},
	"rotated": false,
	"trimmed": true,
	"spriteSourceSize": {"x":14,"y":15,"w":168,"h":161},
	"sourceSize": {"w":190,"h":176},
	"pivot": {"x":0.5,"y":0.5}
},
"charPortrait_3_0":
{
	"frame": {"x":1703,"y":1495,"w":178,"h":175},
	"rotated": false,
	"trimmed": true,
	"spriteSourceSize": {"x":4,"y":1,"w":178,"h":175},
	"sourceSize": {"w":190,"h":176},
	"pivot": {"x":0.5,"y":0.5}
},
"charPortrait_3_1":
{
	"frame": {"x":1308,"y":1737,"w":178,"h":175},
	"rotated": false,
	"trimmed": true,
	"spriteSourceSize": {"x":4,"y":1,"w":178,"h":175},
	"sourceSize": {"w":190,"h":176},
	"pivot": {"x":0.5,"y":0.5}
},
"charPortrait_4_0":
{
	"frame": {"x":1666,"y":1746,"w":176,"h":175},
	"rotated": false,
	"trimmed": true,
	"spriteSourceSize": {"x":0,"y":1,"w":176,"h":175},
	"sourceSize": {"w":190,"h":176},
	"pivot": {"x":0.5,"y":0.5}
},
"charPortrait_4_1":
{
	"frame": {"x":1844,"y":1746,"w":176,"h":175},
	"rotated": false,
	"trimmed": true,
	"spriteSourceSize": {"x":0,"y":1,"w":176,"h":175},
	"sourceSize": {"w":190,"h":176},
	"pivot": {"x":0.5,"y":0.5}
},
"charPortrait_5_0":
{
	"frame": {"x":866,"y":2068,"w":187,"h":176},
	"rotated": false,
	"trimmed": true,
	"spriteSourceSize": {"x":0,"y":0,"w":187,"h":176},
	"sourceSize": {"w":190,"h":176},
	"pivot": {"x":0.5,"y":0.5}
},
"charPortrait_5_1":
{
	"frame": {"x":1162,"y":1559,"w":187,"h":176},
	"rotated": false,
	"trimmed": true,
	"spriteSourceSize": {"x":0,"y":0,"w":187,"h":176},
	"sourceSize": {"w":190,"h":176},
	"pivot": {"x":0.5,"y":0.5}
},
"charPortrait_6_0":
{
	"frame": {"x":1351,"y":1559,"w":174,"h":176},
	"rotated": false,
	"trimmed": true,
	"spriteSourceSize": {"x":14,"y":0,"w":174,"h":176},
	"sourceSize": {"w":190,"h":176},
	"pivot": {"x":0.5,"y":0.5}
},
"charPortrait_6_1":
{
	"frame": {"x":1527,"y":1559,"w":174,"h":176},
	"rotated": false,
	"trimmed": true,
	"spriteSourceSize": {"x":14,"y":0,"w":174,"h":176},
	"sourceSize": {"w":190,"h":176},
	"pivot": {"x":0.5,"y":0.5}
},
"clouds":
{
	"frame": {"x":896,"y":1069,"w":640,"h":177},
	"rotated": false,
	"trimmed": false,
	"spriteSourceSize": {"x":0,"y":0,"w":640,"h":177},
	"sourceSize": {"w":640,"h":177},
	"pivot": {"x":0.5,"y":0.5}
},
"comet":
{
	"frame": {"x":1018,"y":2714,"w":138,"h":11},
	"rotated": false,
	"trimmed": false,
	"spriteSourceSize": {"x":0,"y":0,"w":138,"h":11},
	"sourceSize": {"w":138,"h":11},
	"pivot": {"x":0.5,"y":0.5}
},
"crash_0":
{
	"frame": {"x":1896,"y":1338,"w":56,"h":54},
	"rotated": false,
	"trimmed": true,
	"spriteSourceSize": {"x":50,"y":42,"w":56,"h":54},
	"sourceSize": {"w":160,"h":150},
	"pivot": {"x":0.5,"y":0.5}
},
"crash_1":
{
	"frame": {"x":1961,"y":1191,"w":86,"h":87},
	"rotated": false,
	"trimmed": true,
	"spriteSourceSize": {"x":34,"y":32,"w":86,"h":87},
	"sourceSize": {"w":160,"h":150},
	"pivot": {"x":0.5,"y":0.5}
},
"crash_2":
{
	"frame": {"x":1482,"y":2354,"w":103,"h":97},
	"rotated": false,
	"trimmed": true,
	"spriteSourceSize": {"x":25,"y":27,"w":103,"h":97},
	"sourceSize": {"w":160,"h":150},
	"pivot": {"x":0.5,"y":0.5}
},
"crash_3":
{
	"frame": {"x":1879,"y":855,"w":136,"h":131},
	"rotated": false,
	"trimmed": true,
	"spriteSourceSize": {"x":11,"y":6,"w":136,"h":131},
	"sourceSize": {"w":160,"h":150},
	"pivot": {"x":0.5,"y":0.5}
},
"crash_4":
{
	"frame": {"x":1883,"y":1495,"w":160,"h":150},
	"rotated": false,
	"trimmed": false,
	"spriteSourceSize": {"x":0,"y":0,"w":160,"h":150},
	"sourceSize": {"w":160,"h":150},
	"pivot": {"x":0.5,"y":0.5}
},
"deadlyPlanet_0":
{
	"frame": {"x":896,"y":1248,"w":296,"h":293},
	"rotated": false,
	"trimmed": false,
	"spriteSourceSize": {"x":0,"y":0,"w":296,"h":293},
	"sourceSize": {"w":296,"h":293},
	"pivot": {"x":0.5,"y":0.5}
},
"deadlyPlanet_1":
{
	"frame": {"x":1601,"y":721,"w":276,"h":276},
	"rotated": false,
	"trimmed": false,
	"spriteSourceSize": {"x":0,"y":0,"w":276,"h":276},
	"sourceSize": {"w":276,"h":276},
	"pivot": {"x":0.5,"y":0.5}
},
"desktop_click":
{
	"frame": {"x":1411,"y":2236,"w":74,"h":102},
	"rotated": false,
	"trimmed": false,
	"spriteSourceSize": {"x":0,"y":0,"w":74,"h":102},
	"sourceSize": {"w":74,"h":102},
	"pivot": {"x":0.5,"y":0.5}
},
"desktop_space":
{
	"frame": {"x":1130,"y":1928,"w":135,"h":35},
	"rotated": false,
	"trimmed": false,
	"spriteSourceSize": {"x":0,"y":0,"w":135,"h":35},
	"sourceSize": {"w":135,"h":35},
	"pivot": {"x":0.5,"y":0.5}
},
"face_0":
{
	"frame": {"x":1961,"y":2490,"w":80,"h":54},
	"rotated": false,
	"trimmed": true,
	"spriteSourceSize": {"x":5,"y":13,"w":80,"h":54},
	"sourceSize": {"w":90,"h":80},
	"pivot": {"x":0.5,"y":0.5}
},
"face_1":
{
	"frame": {"x":1538,"y":1179,"w":80,"h":63},
	"rotated": false,
	"trimmed": true,
	"spriteSourceSize": {"x":5,"y":13,"w":80,"h":63},
	"sourceSize": {"w":90,"h":80},
	"pivot": {"x":0.5,"y":0.5}
},
"face_2":
{
	"frame": {"x":1619,"y":2723,"w":80,"h":62},
	"rotated": false,
	"trimmed": true,
	"spriteSourceSize": {"x":5,"y":13,"w":80,"h":62},
	"sourceSize": {"w":90,"h":80},
	"pivot": {"x":0.5,"y":0.5}
},
"face_3":
{
	"frame": {"x":1578,"y":1481,"w":82,"h":63},
	"rotated": false,
	"trimmed": true,
	"spriteSourceSize": {"x":5,"y":4,"w":82,"h":63},
	"sourceSize": {"w":90,"h":80},
	"pivot": {"x":0.5,"y":0.5}
},
"faceEye":
{
	"frame": {"x":1130,"y":1965,"w":18,"h":17},
	"rotated": false,
	"trimmed": false,
	"spriteSourceSize": {"x":0,"y":0,"w":18,"h":17},
	"sourceSize": {"w":18,"h":17},
	"pivot": {"x":0.5,"y":0.5}
},
"flame_0":
{
	"frame": {"x":2027,"y":2597,"w":17,"h":31},
	"rotated": false,
	"trimmed": true,
	"spriteSourceSize": {"x":0,"y":0,"w":17,"h":31},
	"sourceSize": {"w":17,"h":34},
	"pivot": {"x":0.5,"y":0.5}
},
"flame_1":
{
	"frame": {"x":2017,"y":855,"w":17,"h":33},
	"rotated": false,
	"trimmed": true,
	"spriteSourceSize": {"x":0,"y":0,"w":17,"h":33},
	"sourceSize": {"w":17,"h":34},
	"pivot": {"x":0.5,"y":0.5}
},
"flame_2":
{
	"frame": {"x":1385,"y":2147,"w":17,"h":34},
	"rotated": false,
	"trimmed": false,
	"spriteSourceSize": {"x":0,"y":0,"w":17,"h":34},
	"sourceSize": {"w":17,"h":34},
	"pivot": {"x":0.5,"y":0.5}
},
"gumballIcon_2":
{
	"frame": {"x":1601,"y":1,"w":382,"h":352},
	"rotated": false,
	"trimmed": true,
	"spriteSourceSize": {"x":8,"y":0,"w":382,"h":352},
	"sourceSize": {"w":390,"h":354},
	"pivot": {"x":0.5,"y":0.5}
},
"iconPause":
{
	"frame": {"x":1618,"y":2787,"w":32,"h":38},
	"rotated": false,
	"trimmed": false,
	"spriteSourceSize": {"x":0,"y":0,"w":32,"h":38},
	"sourceSize": {"w":32,"h":38},
	"pivot": {"x":0.5,"y":0.5}
},
"iconSettings":
{
	"frame": {"x":1905,"y":2462,"w":54,"h":56},
	"rotated": false,
	"trimmed": false,
	"spriteSourceSize": {"x":0,"y":0,"w":54,"h":56},
	"sourceSize": {"w":54,"h":56},
	"pivot": {"x":0.5,"y":0.5}
},
"iconStar":
{
	"frame": {"x":896,"y":1027,"w":38,"h":40},
	"rotated": false,
	"trimmed": false,
	"spriteSourceSize": {"x":0,"y":0,"w":38,"h":40},
	"sourceSize": {"w":38,"h":40},
	"pivot": {"x":0.5,"y":0.5}
},
"iconX":
{
	"frame": {"x":309,"y":2714,"w":37,"h":49},
	"rotated": false,
	"trimmed": false,
	"spriteSourceSize": {"x":0,"y":0,"w":37,"h":49},
	"sourceSize": {"w":37,"h":49},
	"pivot": {"x":0.5,"y":0.5}
},
"logo_0":
{
	"frame": {"x":1,"y":2053,"w":597,"h":221},
	"rotated": false,
	"trimmed": false,
	"spriteSourceSize": {"x":0,"y":0,"w":597,"h":221},
	"sourceSize": {"w":597,"h":221},
	"pivot": {"x":0.5,"y":0.5}
},
"meteor_0":
{
	"frame": {"x":1249,"y":1990,"w":170,"h":155},
	"rotated": false,
	"trimmed": false,
	"spriteSourceSize": {"x":0,"y":0,"w":170,"h":155},
	"sourceSize": {"w":170,"h":155},
	"pivot": {"x":0.5,"y":0.5}
},
"meteor_1":
{
	"frame": {"x":1499,"y":2012,"w":132,"h":131},
	"rotated": false,
	"trimmed": false,
	"spriteSourceSize": {"x":0,"y":0,"w":132,"h":131},
	"sourceSize": {"w":132,"h":131},
	"pivot": {"x":0.5,"y":0.5}
},
"pickup_0":
{
	"frame": {"x":1620,"y":1179,"w":40,"h":39},
	"rotated": false,
	"trimmed": false,
	"spriteSourceSize": {"x":0,"y":0,"w":40,"h":39},
	"sourceSize": {"w":40,"h":39},
	"pivot": {"x":0.5,"y":0.5}
},
"pickup_1":
{
	"frame": {"x":1994,"y":2546,"w":50,"h":49},
	"rotated": false,
	"trimmed": false,
	"spriteSourceSize": {"x":0,"y":0,"w":50,"h":49},
	"sourceSize": {"w":50,"h":49},
	"pivot": {"x":0.5,"y":0.5}
},
"planet_0":
{
	"frame": {"x":1428,"y":1248,"w":232,"h":231},
	"rotated": false,
	"trimmed": false,
	"spriteSourceSize": {"x":0,"y":0,"w":232,"h":231},
	"sourceSize": {"w":232,"h":231},
	"pivot": {"x":0.5,"y":0.5}
},
"planet_1":
{
	"frame": {"x":973,"y":2271,"w":217,"h":217},
	"rotated": false,
	"trimmed": false,
	"spriteSourceSize": {"x":0,"y":0,"w":217,"h":217},
	"sourceSize": {"w":217,"h":217},
	"pivot": {"x":0.5,"y":0.5}
},
"planet_2":
{
	"frame": {"x":1662,"y":1179,"w":232,"h":231},
	"rotated": false,
	"trimmed": false,
	"spriteSourceSize": {"x":0,"y":0,"w":232,"h":231},
	"sourceSize": {"w":232,"h":231},
	"pivot": {"x":0.5,"y":0.5}
},
"planet_3":
{
	"frame": {"x":505,"y":2276,"w":232,"h":231},
	"rotated": false,
	"trimmed": false,
	"spriteSourceSize": {"x":0,"y":0,"w":232,"h":231},
	"sourceSize": {"w":232,"h":231},
	"pivot": {"x":0.5,"y":0.5}
},
"planet_4":
{
	"frame": {"x":896,"y":1751,"w":232,"h":232},
	"rotated": false,
	"trimmed": false,
	"spriteSourceSize": {"x":0,"y":0,"w":232,"h":232},
	"sourceSize": {"w":232,"h":232},
	"pivot": {"x":0.5,"y":0.5}
},
"planet_5":
{
	"frame": {"x":1192,"y":2271,"w":217,"h":217},
	"rotated": false,
	"trimmed": false,
	"spriteSourceSize": {"x":0,"y":0,"w":217,"h":217},
	"sourceSize": {"w":217,"h":217},
	"pivot": {"x":0.5,"y":0.5}
},
"planet_6":
{
	"frame": {"x":739,"y":2261,"w":232,"h":231},
	"rotated": false,
	"trimmed": false,
	"spriteSourceSize": {"x":0,"y":0,"w":232,"h":231},
	"sourceSize": {"w":232,"h":231},
	"pivot": {"x":0.5,"y":0.5}
},
"planet_7":
{
	"frame": {"x":1241,"y":2490,"w":217,"h":217},
	"rotated": false,
	"trimmed": false,
	"spriteSourceSize": {"x":0,"y":0,"w":217,"h":217},
	"sourceSize": {"w":217,"h":217},
	"pivot": {"x":0.5,"y":0.5}
},
"planet_8":
{
	"frame": {"x":550,"y":2509,"w":232,"h":231},
	"rotated": false,
	"trimmed": false,
	"spriteSourceSize": {"x":0,"y":0,"w":232,"h":231},
	"sourceSize": {"w":232,"h":231},
	"pivot": {"x":0.5,"y":0.5}
},
"planet_9":
{
	"frame": {"x":784,"y":2494,"w":232,"h":231},
	"rotated": false,
	"trimmed": false,
	"spriteSourceSize": {"x":0,"y":0,"w":232,"h":231},
	"sourceSize": {"w":232,"h":231},
	"pivot": {"x":0.5,"y":0.5}
},
"planetWave_0":
{
	"frame": {"x":1985,"y":98,"w":57,"h":161},
	"rotated": false,
	"trimmed": true,
	"spriteSourceSize": {"x":0,"y":0,"w":57,"h":161},
	"sourceSize": {"w":59,"h":161},
	"pivot": {"x":0.5,"y":0.5}
},
"planetWave_1":
{
	"frame": {"x":1896,"y":1179,"w":63,"h":157},
	"rotated": false,
	"trimmed": true,
	"spriteSourceSize": {"x":0,"y":0,"w":63,"h":157},
	"sourceSize": {"w":64,"h":157},
	"pivot": {"x":0.5,"y":0.5}
},
"prepPlanet_0":
{
	"frame": {"x":1601,"y":355,"w":276,"h":364},
	"rotated": false,
	"trimmed": false,
	"spriteSourceSize": {"x":0,"y":0,"w":276,"h":364},
	"sourceSize": {"w":276,"h":364},
	"pivot": {"x":0.5,"y":0.5}
},
"prepPlanet_1":
{
	"frame": {"x":1194,"y":1248,"w":232,"h":233},
	"rotated": false,
	"trimmed": false,
	"spriteSourceSize": {"x":0,"y":0,"w":232,"h":233},
	"sourceSize": {"w":232,"h":233},
	"pivot": {"x":0.5,"y":0.5}
},
"smoke_0":
{
	"frame": {"x":1538,"y":1069,"w":15,"h":13},
	"rotated": false,
	"trimmed": true,
	"spriteSourceSize": {"x":10,"y":13,"w":15,"h":13},
	"sourceSize": {"w":36,"h":36},
	"pivot": {"x":0.5,"y":0.5}
},
"smoke_1":
{
	"frame": {"x":1249,"y":2240,"w":21,"h":20},
	"rotated": false,
	"trimmed": true,
	"spriteSourceSize": {"x":8,"y":9,"w":21,"h":20},
	"sourceSize": {"w":36,"h":36},
	"pivot": {"x":0.5,"y":0.5}
},
"smoke_2":
{
	"frame": {"x":1994,"y":2597,"w":31,"h":31},
	"rotated": false,
	"trimmed": true,
	"spriteSourceSize": {"x":3,"y":3,"w":31,"h":31},
	"sourceSize": {"w":36,"h":36},
	"pivot": {"x":0.5,"y":0.5}
},
"smoke_3":
{
	"frame": {"x":1267,"y":1928,"w":35,"h":35},
	"rotated": false,
	"trimmed": true,
	"spriteSourceSize": {"x":0,"y":1,"w":35,"h":35},
	"sourceSize": {"w":36,"h":36},
	"pivot": {"x":0.5,"y":0.5}
},
"smoke_4":
{
	"frame": {"x":505,"y":2509,"w":36,"h":36},
	"rotated": false,
	"trimmed": false,
	"spriteSourceSize": {"x":0,"y":0,"w":36,"h":36},
	"sourceSize": {"w":36,"h":36},
	"pivot": {"x":0.5,"y":0.5}
},
"stars":
{
	"frame": {"x":1499,"y":2145,"w":113,"h":125},
	"rotated": false,
	"trimmed": false,
	"spriteSourceSize": {"x":0,"y":0,"w":113,"h":125},
	"sourceSize": {"w":113,"h":125},
	"pivot": {"x":0.5,"y":0.5}
},
"titleIcon_0":
{
	"frame": {"x":1,"y":2276,"w":502,"h":274},
	"rotated": false,
	"trimmed": false,
	"spriteSourceSize": {"x":0,"y":0,"w":502,"h":274},
	"sourceSize": {"w":502,"h":274},
	"pivot": {"x":0.5,"y":0.5}
},
"titleIcon_1":
{
	"frame": {"x":600,"y":2053,"w":264,"h":206},
	"rotated": false,
	"trimmed": false,
	"spriteSourceSize": {"x":0,"y":0,"w":264,"h":206},
	"sourceSize": {"w":264,"h":206},
	"pivot": {"x":0.5,"y":0.5}
},
"titleIcon_2":
{
	"frame": {"x":896,"y":1543,"w":264,"h":206},
	"rotated": false,
	"trimmed": false,
	"spriteSourceSize": {"x":0,"y":0,"w":264,"h":206},
	"sourceSize": {"w":264,"h":206},
	"pivot": {"x":0.5,"y":0.5}
},
"tutorFinger":
{
	"frame": {"x":1421,"y":1990,"w":64,"h":244},
	"rotated": false,
	"trimmed": false,
	"spriteSourceSize": {"x":0,"y":0,"w":64,"h":244},
	"sourceSize": {"w":64,"h":244},
	"pivot": {"x":0.5,"y":0.5}
},
"tutorPath_0":
{
	"frame": {"x":1018,"y":2490,"w":221,"h":222},
	"rotated": false,
	"trimmed": false,
	"spriteSourceSize": {"x":0,"y":0,"w":221,"h":222},
	"sourceSize": {"w":221,"h":222},
	"pivot": {"x":0.5,"y":0.5}
},
"tutorPath_1":
{
	"frame": {"x":1487,"y":1990,"w":10,"h":360},
	"rotated": false,
	"trimmed": false,
	"spriteSourceSize": {"x":0,"y":0,"w":10,"h":360},
	"sourceSize": {"w":10,"h":360},
	"pivot": {"x":0.5,"y":0.5}
},
"tutorTouchFx":
{
	"frame": {"x":1707,"y":1999,"w":100,"h":99},
	"rotated": false,
	"trimmed": false,
	"spriteSourceSize": {"x":0,"y":0,"w":100,"h":99},
	"sourceSize": {"w":100,"h":99},
	"pivot": {"x":0.5,"y":0.5}
}},
"meta": {
	"app": "http://www.codeandweb.com/texturepacker",
	"version": "1.0",
	"image": "atlas_1.png",
	"format": "RGBA8888",
	"size": {"w":2048,"h":2826},
	"scale": "1",
	"smartupdate": "$TexturePacker:SmartUpdate:fa04fae19a246bc8e691f6215548e5d1:3c848f21c3855907b2d10312953d6b25:632e3567245e7ae54bcdaaa1df951f22$"
}
}
