<font>
  <info face="fntButtons" size="47" bold="0" italic="0" charset="" unicode="" stretchH="100" smooth="1" aa="1" padding="2,2,2,2" spacing="0,0" outline="0"/>
  <common lineHeight="56" base="35" scaleW="1041" scaleH="48" pages="1" packed="0"/>
  <pages>
    <page id="0" file="fntButtons.png"/>
  </pages>
  <chars count="45">
    <char id="65" x="2" y="2" width="24" height="42" xoffset="0" yoffset="1" xadvance="23" page="0" chnl="15"/>
    <char id="66" x="28" y="2" width="22" height="42" xoffset="1" yoffset="1" xadvance="23" page="0" chnl="15"/>
    <char id="67" x="52" y="2" width="18" height="42" xoffset="1" yoffset="1" xadvance="19" page="0" chnl="15"/>
    <char id="68" x="72" y="2" width="23" height="42" xoffset="1" yoffset="1" xadvance="24" page="0" chnl="15"/>
    <char id="69" x="97" y="2" width="19" height="42" xoffset="1" yoffset="1" xadvance="20" page="0" chnl="15"/>
    <char id="70" x="118" y="2" width="18" height="42" xoffset="1" yoffset="1" xadvance="19" page="0" chnl="15"/>
    <char id="71" x="138" y="2" width="23" height="43" xoffset="1" yoffset="1" xadvance="24" page="0" chnl="15"/>
    <char id="72" x="163" y="2" width="22" height="42" xoffset="1" yoffset="1" xadvance="23" page="0" chnl="15"/>
    <char id="73" x="187" y="2" width="11" height="42" xoffset="1" yoffset="1" xadvance="13" page="0" chnl="15"/>
    <char id="74" x="200" y="2" width="14" height="43" xoffset="1" yoffset="1" xadvance="15" page="0" chnl="15"/>
    <char id="75" x="216" y="2" width="22" height="42" xoffset="1" yoffset="1" xadvance="22" page="0" chnl="15"/>
    <char id="76" x="240" y="2" width="17" height="42" xoffset="1" yoffset="1" xadvance="18" page="0" chnl="15"/>
    <char id="77" x="259" y="2" width="27" height="42" xoffset="2" yoffset="1" xadvance="29" page="0" chnl="15"/>
    <char id="78" x="288" y="2" width="24" height="42" xoffset="1" yoffset="1" xadvance="26" page="0" chnl="15"/>
    <char id="79" x="314" y="2" width="25" height="43" xoffset="1" yoffset="0" xadvance="26" page="0" chnl="15"/>
    <char id="80" x="341" y="2" width="23" height="43" xoffset="2" yoffset="1" xadvance="25" page="0" chnl="15"/>
    <char id="81" x="366" y="2" width="26" height="43" xoffset="1" yoffset="0" xadvance="26" page="0" chnl="15"/>
    <char id="82" x="394" y="2" width="24" height="42" xoffset="2" yoffset="1" xadvance="26" page="0" chnl="15"/>
    <char id="83" x="420" y="2" width="20" height="43" xoffset="2" yoffset="1" xadvance="22" page="0" chnl="15"/>
    <char id="84" x="442" y="2" width="21" height="42" xoffset="0" yoffset="1" xadvance="21" page="0" chnl="15"/>
    <char id="85" x="465" y="2" width="24" height="43" xoffset="1" yoffset="1" xadvance="25" page="0" chnl="15"/>
    <char id="86" x="491" y="2" width="24" height="42" xoffset="0" yoffset="1" xadvance="23" page="0" chnl="15"/>
    <char id="87" x="517" y="2" width="35" height="42" xoffset="-1" yoffset="1" xadvance="33" page="0" chnl="15"/>
    <char id="88" x="554" y="2" width="25" height="42" xoffset="0" yoffset="1" xadvance="23" page="0" chnl="15"/>
    <char id="89" x="581" y="2" width="24" height="42" xoffset="0" yoffset="1" xadvance="22" page="0" chnl="15"/>
    <char id="90" x="607" y="2" width="21" height="42" xoffset="1" yoffset="1" xadvance="21" page="0" chnl="15"/>
    <char id="48" x="630" y="2" width="22" height="43" xoffset="1" yoffset="0" xadvance="23" page="0" chnl="15"/>
    <char id="49" x="654" y="2" width="18" height="42" xoffset="2" yoffset="1" xadvance="23" page="0" chnl="15"/>
    <char id="50" x="674" y="2" width="21" height="43" xoffset="2" yoffset="0" xadvance="23" page="0" chnl="15"/>
    <char id="51" x="697" y="2" width="22" height="43" xoffset="0" yoffset="1" xadvance="23" page="0" chnl="15"/>
    <char id="52" x="721" y="2" width="22" height="42" xoffset="1" yoffset="1" xadvance="23" page="0" chnl="15"/>
    <char id="53" x="745" y="2" width="22" height="43" xoffset="0" yoffset="1" xadvance="23" page="0" chnl="15"/>
    <char id="54" x="769" y="2" width="22" height="43" xoffset="1" yoffset="1" xadvance="23" page="0" chnl="15"/>
    <char id="55" x="793" y="2" width="20" height="42" xoffset="2" yoffset="1" xadvance="23" page="0" chnl="15"/>
    <char id="56" x="815" y="2" width="23" height="43" xoffset="1" yoffset="1" xadvance="23" page="0" chnl="15"/>
    <char id="57" x="840" y="2" width="22" height="43" xoffset="1" yoffset="1" xadvance="23" page="0" chnl="15"/>
    <char id="44" x="864" y="2" width="11" height="21" xoffset="1" yoffset="27" xadvance="12" page="0" chnl="15"/>
    <char id="58" x="877" y="2" width="11" height="32" xoffset="2" yoffset="8" xadvance="14" page="0" chnl="15"/>
    <char id="37" x="890" y="2" width="32" height="44" xoffset="1" yoffset="0" xadvance="33" page="0" chnl="15"/>
    <char id="43" x="924" y="2" width="31" height="36" xoffset="6" yoffset="7" xadvance="41" page="0" chnl="15"/>
    <char id="46" x="957" y="2" width="11" height="17" xoffset="1" yoffset="27" xadvance="12" page="0" chnl="15"/>
    <char id="63" x="970" y="2" width="16" height="43" xoffset="1" yoffset="0" xadvance="17" page="0" chnl="15"/>
    <char id="33" x="988" y="2" width="12" height="43" xoffset="2" yoffset="1" xadvance="14" page="0" chnl="15"/>
    <char id="45" x="1002" y="2" width="14" height="14" xoffset="1" yoffset="18" xadvance="15" page="0" chnl="15"/>
    <char id="60" x="1018" y="0" width="48" height="48" xoffset="3" yoffset="-4" xadvance="54" page="0" chnl="15"/>
    <char id="62" x="1066" y="0" width="48" height="48" xoffset="3" yoffset="-4" xadvance="54" page="0" chnl="15"/>
    <char id="32" x="0" y="0" width="0" height="0" xoffset="3" yoffset="1" xadvance="12" page="0" chnl="15"/>
  </chars>
</font>