<font>
  <info face="fntScore44" size="44" bold="0" italic="0" charset="" unicode="" stretchH="100" smooth="1" aa="1" padding="2,2,2,2" spacing="0,0" outline="0"/>
  <common lineHeight="53" base="33" scaleW="224" scaleH="45" pages="1" packed="0"/>
  <pages>
    <page id="0" file="fntScore44.png"/>
  </pages>
  <chars count="10">
    <char id="48" x="2" y="2" width="21" height="41" xoffset="1" yoffset="0" xadvance="22" page="0" chnl="15"/>
    <char id="49" x="25" y="2" width="17" height="40" xoffset="1" yoffset="0" xadvance="22" page="0" chnl="15"/>
    <char id="50" x="44" y="2" width="19" height="41" xoffset="2" yoffset="0" xadvance="22" page="0" chnl="15"/>
    <char id="51" x="65" y="2" width="21" height="41" xoffset="0" yoffset="0" xadvance="22" page="0" chnl="15"/>
    <char id="52" x="88" y="2" width="21" height="40" xoffset="1" yoffset="0" xadvance="22" page="0" chnl="15"/>
    <char id="53" x="111" y="2" width="21" height="41" xoffset="0" yoffset="0" xadvance="22" page="0" chnl="15"/>
    <char id="54" x="134" y="2" width="21" height="41" xoffset="1" yoffset="0" xadvance="22" page="0" chnl="15"/>
    <char id="55" x="157" y="2" width="19" height="40" xoffset="2" yoffset="0" xadvance="22" page="0" chnl="15"/>
    <char id="56" x="178" y="2" width="21" height="41" xoffset="1" yoffset="0" xadvance="22" page="0" chnl="15"/>
    <char id="57" x="201" y="2" width="21" height="41" xoffset="1" yoffset="0" xadvance="22" page="0" chnl="15"/>
    <char id="32" x="0" y="0" width="0" height="0" xoffset="1" yoffset="0" xadvance="12" page="0" chnl="15"/>
  </chars>
  <kernings count="0"/>
</font>