<font>
  <info face="fntScore33" size="33" bold="0" italic="0" charset="" unicode="" stretchH="100" smooth="1" aa="1" padding="2,2,2,2" spacing="0,0" outline="0"/>
  <common lineHeight="40" base="25" scaleW="373" scaleH="37" pages="1" packed="0"/>
  <pages>
    <page id="0" file="fntScore33.png"/>
  </pages>
  <chars count="20">
    <char id="48" x="2" y="2" width="16" height="33" xoffset="1" yoffset="0" xadvance="17" page="0" chnl="15"/>
    <char id="49" x="20" y="2" width="13" height="32" xoffset="1" yoffset="0" xadvance="17" page="0" chnl="15"/>
    <char id="50" x="35" y="2" width="15" height="33" xoffset="1" yoffset="0" xadvance="17" page="0" chnl="15"/>
    <char id="51" x="52" y="2" width="17" height="33" xoffset="0" yoffset="0" xadvance="17" page="0" chnl="15"/>
    <char id="52" x="71" y="2" width="17" height="32" xoffset="1" yoffset="0" xadvance="17" page="0" chnl="15"/>
    <char id="53" x="90" y="2" width="17" height="33" xoffset="0" yoffset="0" xadvance="17" page="0" chnl="15"/>
    <char id="54" x="109" y="2" width="16" height="33" xoffset="1" yoffset="0" xadvance="17" page="0" chnl="15"/>
    <char id="55" x="127" y="2" width="15" height="32" xoffset="2" yoffset="0" xadvance="17" page="0" chnl="15"/>
    <char id="56" x="144" y="2" width="17" height="33" xoffset="1" yoffset="0" xadvance="17" page="0" chnl="15"/>
    <char id="57" x="163" y="2" width="16" height="33" xoffset="1" yoffset="0" xadvance="17" page="0" chnl="15"/>
    <char id="43" x="181" y="2" width="23" height="28" xoffset="4" yoffset="5" xadvance="29" page="0" chnl="15"/>
    <char id="83" x="206" y="2" width="15" height="33" xoffset="1" yoffset="0" xadvance="16" page="0" chnl="15"/>
    <char id="80" x="223" y="2" width="17" height="32" xoffset="1" yoffset="0" xadvance="18" page="0" chnl="15"/>
    <char id="69" x="242" y="2" width="14" height="32" xoffset="1" yoffset="0" xadvance="14" page="0" chnl="15"/>
    <char id="68" x="258" y="2" width="17" height="32" xoffset="1" yoffset="0" xadvance="18" page="0" chnl="15"/>
    <char id="66" x="277" y="2" width="16" height="32" xoffset="1" yoffset="0" xadvance="17" page="0" chnl="15"/>
    <char id="79" x="295" y="2" width="18" height="33" xoffset="1" yoffset="0" xadvance="19" page="0" chnl="15"/>
    <char id="78" x="315" y="2" width="18" height="32" xoffset="1" yoffset="0" xadvance="19" page="0" chnl="15"/>
    <char id="85" x="335" y="2" width="18" height="33" xoffset="1" yoffset="0" xadvance="18" page="0" chnl="15"/>
    <char id="120" x="355" y="2" width="16" height="27" xoffset="0" yoffset="5" xadvance="16" page="0" chnl="15"/>
    <char id="32" x="0" y="0" width="0" height="0" xoffset="0" yoffset="5" xadvance="9" page="0" chnl="15"/>
  </chars>
  <kernings count="0"/>
</font>