<font>
  <info face="fntWhite44" size="44" bold="0" italic="0" charset="" unicode="" stretchH="100" smooth="1" aa="1" padding="2,2,2,2" spacing="0,0" outline="0"/>
  <common lineHeight="53" base="33" scaleW="967" scaleH="40" pages="1" packed="0"/>
  <pages>
    <page id="0" file="fntWhite44.png"/>
  </pages>
  <chars count="52">
    <char id="65" x="2" y="2" width="20" height="32" xoffset="0" yoffset="1" xadvance="21" page="0" chnl="15"/>
    <char id="66" x="24" y="2" width="18" height="32" xoffset="1" yoffset="1" xadvance="22" page="0" chnl="15"/>
    <char id="67" x="44" y="2" width="14" height="32" xoffset="1" yoffset="1" xadvance="18" page="0" chnl="15"/>
    <char id="68" x="60" y="2" width="19" height="32" xoffset="1" yoffset="1" xadvance="23" page="0" chnl="15"/>
    <char id="69" x="81" y="2" width="15" height="32" xoffset="1" yoffset="1" xadvance="19" page="0" chnl="15"/>
    <char id="70" x="98" y="2" width="14" height="32" xoffset="1" yoffset="1" xadvance="18" page="0" chnl="15"/>
    <char id="71" x="114" y="2" width="19" height="33" xoffset="1" yoffset="1" xadvance="22" page="0" chnl="15"/>
    <char id="72" x="135" y="2" width="18" height="32" xoffset="1" yoffset="1" xadvance="22" page="0" chnl="15"/>
    <char id="73" x="155" y="2" width="8" height="32" xoffset="1" yoffset="1" xadvance="12" page="0" chnl="15"/>
    <char id="74" x="165" y="2" width="10" height="32" xoffset="1" yoffset="1" xadvance="14" page="0" chnl="15"/>
    <char id="75" x="177" y="2" width="18" height="32" xoffset="1" yoffset="1" xadvance="21" page="0" chnl="15"/>
    <char id="76" x="197" y="2" width="13" height="32" xoffset="1" yoffset="1" xadvance="17" page="0" chnl="15"/>
    <char id="77" x="212" y="2" width="23" height="32" xoffset="1" yoffset="1" xadvance="27" page="0" chnl="15"/>
    <char id="78" x="237" y="2" width="20" height="32" xoffset="1" yoffset="1" xadvance="24" page="0" chnl="15"/>
    <char id="79" x="259" y="2" width="20" height="33" xoffset="1" yoffset="0" xadvance="24" page="0" chnl="15"/>
    <char id="80" x="281" y="2" width="19" height="32" xoffset="2" yoffset="1" xadvance="24" page="0" chnl="15"/>
    <char id="81" x="302" y="2" width="22" height="33" xoffset="1" yoffset="0" xadvance="25" page="0" chnl="15"/>
    <char id="82" x="326" y="2" width="20" height="32" xoffset="2" yoffset="1" xadvance="25" page="0" chnl="15"/>
    <char id="83" x="348" y="2" width="16" height="33" xoffset="1" yoffset="1" xadvance="21" page="0" chnl="15"/>
    <char id="84" x="366" y="2" width="17" height="32" xoffset="0" yoffset="1" xadvance="19" page="0" chnl="15"/>
    <char id="85" x="385" y="2" width="19" height="33" xoffset="1" yoffset="1" xadvance="24" page="0" chnl="15"/>
    <char id="86" x="406" y="2" width="20" height="32" xoffset="0" yoffset="1" xadvance="22" page="0" chnl="15"/>
    <char id="87" x="428" y="2" width="29" height="32" xoffset="0" yoffset="1" xadvance="31" page="0" chnl="15"/>
    <char id="88" x="459" y="2" width="20" height="32" xoffset="0" yoffset="1" xadvance="22" page="0" chnl="15"/>
    <char id="89" x="481" y="2" width="20" height="32" xoffset="0" yoffset="1" xadvance="21" page="0" chnl="15"/>
    <char id="90" x="503" y="2" width="16" height="32" xoffset="1" yoffset="1" xadvance="20" page="0" chnl="15"/>
    <char id="48" x="521" y="2" width="18" height="33" xoffset="1" yoffset="0" xadvance="22" page="0" chnl="15"/>
    <char id="49" x="541" y="2" width="14" height="32" xoffset="1" yoffset="1" xadvance="22" page="0" chnl="15"/>
    <char id="50" x="557" y="2" width="16" height="33" xoffset="2" yoffset="0" xadvance="22" page="0" chnl="15"/>
    <char id="51" x="575" y="2" width="18" height="33" xoffset="0" yoffset="0" xadvance="22" page="0" chnl="15"/>
    <char id="52" x="595" y="2" width="18" height="32" xoffset="1" yoffset="1" xadvance="22" page="0" chnl="15"/>
    <char id="53" x="615" y="2" width="18" height="33" xoffset="0" yoffset="1" xadvance="22" page="0" chnl="15"/>
    <char id="54" x="635" y="2" width="18" height="33" xoffset="1" yoffset="0" xadvance="22" page="0" chnl="15"/>
    <char id="55" x="655" y="2" width="16" height="32" xoffset="2" yoffset="1" xadvance="22" page="0" chnl="15"/>
    <char id="56" x="673" y="2" width="18" height="33" xoffset="1" yoffset="1" xadvance="22" page="0" chnl="15"/>
    <char id="57" x="693" y="2" width="18" height="33" xoffset="1" yoffset="1" xadvance="22" page="0" chnl="15"/>
    <char id="44" x="713" y="2" width="7" height="12" xoffset="1" yoffset="25" xadvance="12" page="0" chnl="15"/>
    <char id="46" x="722" y="2" width="7" height="8" xoffset="1" yoffset="25" xadvance="12" page="0" chnl="15"/>
    <char id="58" x="731" y="2" width="7" height="22" xoffset="2" yoffset="8" xadvance="13" page="0" chnl="15"/>
    <char id="63" x="740" y="2" width="12" height="33" xoffset="1" yoffset="0" xadvance="16" page="0" chnl="15"/>
    <char id="33" x="754" y="2" width="8" height="32" xoffset="2" yoffset="1" xadvance="13" page="0" chnl="15"/>
    <char id="43" x="764" y="2" width="26" height="27" xoffset="5" yoffset="4" xadvance="36" page="0" chnl="15"/>
    <char id="45" x="792" y="2" width="10" height="6" xoffset="1" yoffset="17" xadvance="14" page="0" chnl="15"/>
    <char id="40" x="804" y="2" width="11" height="36" xoffset="2" yoffset="0" xadvance="15" page="0" chnl="15"/>
    <char id="41" x="817" y="2" width="11" height="36" xoffset="0" yoffset="1" xadvance="15" page="0" chnl="15"/>
    <char id="37" x="830" y="2" width="27" height="34" xoffset="1" yoffset="0" xadvance="31" page="0" chnl="15"/>
    <char id="98" x="859" y="2" width="16" height="33" xoffset="2" yoffset="1" xadvance="21" page="0" chnl="15"/>
    <char id="111" x="877" y="2" width="16" height="26" xoffset="1" yoffset="7" xadvance="20" page="0" chnl="15"/>
    <char id="110" x="895" y="2" width="17" height="26" xoffset="2" yoffset="7" xadvance="22" page="0" chnl="15"/>
    <char id="117" x="914" y="2" width="17" height="26" xoffset="1" yoffset="7" xadvance="22" page="0" chnl="15"/>
    <char id="115" x="933" y="2" width="13" height="26" xoffset="1" yoffset="7" xadvance="17" page="0" chnl="15"/>
    <char id="42" x="948" y="0" width="40" height="39" xoffset="3" yoffset="-3" xadvance="42" page="0" chnl="15"/>
    <char id="32" x="0" y="0" width="0" height="0" xoffset="3" yoffset="1" xadvance="12" page="0" chnl="15"/>
  </chars>
</font>