<font>
  <info face="fntYellow110" size="110" bold="0" italic="0" charset="" unicode="" stretchH="100" smooth="1" aa="1" padding="2,2,2,2" spacing="0,0" outline="0"/>
  <common lineHeight="132" base="81" scaleW="1289" scaleH="86" pages="1" packed="0"/>
  <pages>
    <page id="0" file="fntYellow110.png"/>
  </pages>
  <chars count="30">
    <char id="65" x="2" y="2" width="50" height="80" xoffset="-1" yoffset="1" xadvance="50" page="0" chnl="15"/>
    <char id="66" x="54" y="2" width="44" height="80" xoffset="3" yoffset="1" xadvance="52" page="0" chnl="15"/>
    <char id="67" x="100" y="2" width="35" height="80" xoffset="2" yoffset="1" xadvance="41" page="0" chnl="15"/>
    <char id="68" x="137" y="2" width="46" height="80" xoffset="3" yoffset="2" xadvance="54" page="0" chnl="15"/>
    <char id="69" x="185" y="2" width="37" height="80" xoffset="3" yoffset="1" xadvance="43" page="0" chnl="15"/>
    <char id="70" x="224" y="2" width="35" height="80" xoffset="3" yoffset="1" xadvance="41" page="0" chnl="15"/>
    <char id="71" x="261" y="2" width="46" height="81" xoffset="2" yoffset="1" xadvance="53" page="0" chnl="15"/>
    <char id="72" x="309" y="2" width="44" height="80" xoffset="3" yoffset="1" xadvance="52" page="0" chnl="15"/>
    <char id="73" x="355" y="2" width="19" height="80" xoffset="3" yoffset="1" xadvance="27" page="0" chnl="15"/>
    <char id="74" x="376" y="2" width="26" height="80" xoffset="2" yoffset="1" xadvance="33" page="0" chnl="15"/>
    <char id="75" x="404" y="2" width="45" height="80" xoffset="3" yoffset="1" xadvance="50" page="0" chnl="15"/>
    <char id="76" x="451" y="2" width="32" height="80" xoffset="3" yoffset="1" xadvance="40" page="0" chnl="15"/>
    <char id="77" x="485" y="2" width="57" height="80" xoffset="4" yoffset="1" xadvance="66" page="0" chnl="15"/>
    <char id="78" x="544" y="2" width="48" height="80" xoffset="3" yoffset="1" xadvance="57" page="0" chnl="15"/>
    <char id="79" x="594" y="2" width="50" height="82" xoffset="3" yoffset="0" xadvance="58" page="0" chnl="15"/>
    <char id="80" x="646" y="2" width="46" height="80" xoffset="5" yoffset="1" xadvance="56" page="0" chnl="15"/>
    <char id="81" x="694" y="2" width="54" height="82" xoffset="3" yoffset="0" xadvance="59" page="0" chnl="15"/>
    <char id="82" x="750" y="2" width="49" height="80" xoffset="4" yoffset="1" xadvance="59" page="0" chnl="15"/>
    <char id="83" x="801" y="2" width="40" height="81" xoffset="4" yoffset="1" xadvance="50" page="0" chnl="15"/>
    <char id="84" x="843" y="2" width="41" height="80" xoffset="0" yoffset="2" xadvance="45" page="0" chnl="15"/>
    <char id="85" x="886" y="2" width="48" height="81" xoffset="3" yoffset="1" xadvance="56" page="0" chnl="15"/>
    <char id="86" x="936" y="2" width="50" height="80" xoffset="0" yoffset="1" xadvance="51" page="0" chnl="15"/>
    <char id="87" x="988" y="2" width="72" height="80" xoffset="1" yoffset="1" xadvance="74" page="0" chnl="15"/>
    <char id="88" x="1062" y="2" width="50" height="80" xoffset="0" yoffset="1" xadvance="51" page="0" chnl="15"/>
    <char id="89" x="1114" y="2" width="48" height="80" xoffset="0" yoffset="1" xadvance="50" page="0" chnl="15"/>
    <char id="90" x="1164" y="2" width="41" height="80" xoffset="2" yoffset="2" xadvance="47" page="0" chnl="15"/>
    <char id="33" x="1207" y="2" width="20" height="80" xoffset="4" yoffset="1" xadvance="30" page="0" chnl="15"/>
    <char id="58" x="1229" y="2" width="18" height="55" xoffset="5" yoffset="26" xadvance="30" page="0" chnl="15"/>
    <char id="46" x="1249" y="2" width="18" height="20" xoffset="3" yoffset="61" xadvance="26" page="0" chnl="15"/>
    <char id="44" x="1269" y="2" width="18" height="30" xoffset="3" yoffset="61" xadvance="26" page="0" chnl="15"/>
    <char id="32" x="0" y="0" width="0" height="0" xoffset="3" yoffset="61" xadvance="27" page="0" chnl="15"/>
  </chars>
</font>