{
  "title": {
    "en": "STELLAR ODYSSEY",
    "fr": "L'ODYSSÉE STELLAIRE",
    "es": "ODISEA ESTELAR",
    "de": "STERNEN ODYSSEE",
    "pt": "ODISSEIA ESTELAR",
    "hu": "CSILLAG TÚRA",
    "ro": "ODISEEA STELARĂ",
    "pl": "KOSMICZNA ODYSEJA",
    "bg": "ЗВЕЗДНА ОДИСЕЯ",
    "ru": "ЗВЕЗДНАЯ ОДИССЕЯ",
    "nl": "RUIMTEREIS",
    "cs": "HVĚZDNÁ ODYSEA",
    "no": "STJERNEREISE",
    "se": "",
    "da": "STJERNE-ODYSSEEN",
    "ar": "رحلة النجوم",
    "tr": "YILDIZLI YOLCULUK",
    "it": "ODISSEA STELLARE",
    "es-419": "ODISEA ESTELAR",
    "pt-br": "ODISSEIA ESTELAR",
    "sv": "MOT STJÄRNORNA"
  },
  "loading": {
    "en": "LOADING...",
    "fr": "CHARGEMENT",
    "es": "CARGANDO…",
    "de": "WIRD GELADEN ...",
    "pt": "A CARREGAR...",
    "hu": "BETÖLTÉS...",
    "ro": "SE ÎNCARCĂ...",
    "pl": "WCZYTYWANIE…",
    "bg": "ЗАРЕЖДАНЕ...",
    "ru": "ЗАГРУЗКА...",
    "nl": "LADEN…",
    "cs": "NAČÍTÁNÍ...",
    "no": "LASTER INN ...",
    "se": "",
    "da": "INDLÆSER ...",
    "ar": "جارِ التحميل...‏",
    "tr": "YÜKLENİYOR...",
    "it": "CARICAMENTO IN CORSO...",
    "es-419": "CARGANDO…",
    "pt-br": "CARREGANDO...",
    "sv": "LADDAR..."
  },
  "high_score": {
    "en": "HIGH SCORE: <num>",
    "fr": "MEILLEUR SCORE : <num>",
    "es": "PUNTUACIÓN MÁXIMA: <num>",
    "de": "REKORD: <num>",
    "pt": "PONTUAÇÃO MÁXIMA: <num>",
    "hu": "REKORD: <num>",
    "ro": "SCOR MAXIM: <num>",
    "pl": "REKORD: <num>",
    "bg": "РЕКОРД: <num>",
    "ru": "РЕКОРД: <num>",
    "nl": "HOOGSTE SCORE: <num>",
    "cs": "TOP SKÓRE: <num>",
    "no": "HØYESTE POENGSUM: <num>",
    "se": "",
    "da": "HIGHSCORE: <num>",
    "ar": "أعلى نتيجة: <num>‏",
    "tr": "REKOR: <num>",
    "it": "PUNTEGGIO MIGLIORE: <num>",
    "es-419": "MEJOR PUNTAJE: <num>",
    "pt-br": "PONTUAÇÃO MAIS ALTA: <num>",
    "sv": "POÄNGREKORD: <num>"
  },
  "settings": {
    "en": "SETTINGS",
    "fr": "PARAMÈTRES",
    "es": "OPCIONES",
    "de": "EINSTELLUNGEN",
    "pt": "DEFINIÇÕES",
    "hu": "BEÁLLÍTÁSOK",
    "ro": "SETĂRI",
    "pl": "USTAWIENIA",
    "bg": "НАСТРОЙКИ",
    "ru": "НАСТРОЙКИ",
    "nl": "INSTELLINGEN",
    "cs": "NASTAVENÍ",
    "no": "INNSTILLINGER",
    "se": "",
    "da": "INDSTILLINGER",
    "ar": "إعدادات",
    "tr": "AYARLAR",
    "it": "IMPOSTAZIONI",
    "es-419": "CONFIGURACIÓN",
    "pt-br": "CONFIGURAÇÕES",
    "sv": "INSTÄLLNINGAR"
  },
  "sound": {
    "en": "SOUND: <on>",
    "fr": "SON : <on>",
    "es": "SONIDO: <on>",
    "de": "TON: <on>",
    "pt": "SOM: <on>",
    "hu": "HANG: <on>",
    "ro": "SUNET: <on>",
    "pl": "DŹWIĘK: <on>",
    "bg": "ЗВУК: <on>",
    "ru": "ЗВУКИ: <on>",
    "nl": "GELUID: <on>",
    "cs": "ZVUK: <zap>",
    "no": "LYD: <on>",
    "se": "",
    "da": "LYD: <on>",
    "ar": "الصوت: <on>‏",
    "tr": "SES: <on>",
    "it": "AUDIO: <on>",
    "es-419": "SONIDO: <on>",
    "pt-br": "SOM: <on>",
    "sv": "LJUD: <on>"
  },
  "music": {
    "en": "MUSIC: <on>",
    "fr": "MUSIQUE : <on>",
    "es": "MÚSICA: <on>",
    "de": "MUSIK: <on>",
    "pt": "MÚSICA: <on>",
    "hu": "ZENE: <on>",
    "ro": "MUZICĂ: <on>",
    "pl": "MUZYKA: <on>",
    "bg": "МУЗИКА: <on>",
    "ru": "МУЗЫКА: <on>",
    "nl": "MUZIEK: <on>",
    "cs": "HUDBA: <zap>",
    "no": "MUSIKK: <on>",
    "se": "",
    "da": "MUSIK: <on>",
    "ar": "الموسيقى: <on>‏",
    "tr": "MÜZİK: <on>",
    "it": "MUSICA: <on>",
    "es-419": "MÚSICA: <on>",
    "pt-br": "MÚSICA: <on>",
    "sv": "MUSIK: <on>"
  },
  "main_menu": {
    "en": "MAIN MENU",
    "fr": "MENU PRINCIPAL",
    "es": "MENÚ PRINCIPAL",
    "de": "HAUPTMENÜ",
    "pt": "MENU PRINCIPAL",
    "hu": "FŐMENÜ",
    "ro": "MENIUL PRINCIPAL",
    "pl": "MENU GŁÓWNE",
    "bg": "ГЛАВНО МЕНЮ",
    "ru": "ГЛАВНОЕ МЕНЮ",
    "nl": "HOOFDMENU",
    "cs": "HLAVNÍ NABÍDKA",
    "no": "HOVEDMENY",
    "se": "",
    "da": "HOVEDMENU",
    "ar": "القائمة الرئيسية",
    "tr": "ANA MENÜ",
    "it": "MENU PRINCIPALE",
    "es-419": "MENÚ PRINCIPAL",
    "pt-br": "MENU PRINCIPAL",
    "sv": "HUVUDMENY"
  },
  "on": {
    "en": "ON",
    "fr": "ACTIVÉ",
    "es": "SÍ",
    "de": "AN",
    "pt": "SIM",
    "hu": "BE",
    "ro": "PORNIT",
    "pl": "WŁ.",
    "bg": "ВКЛ.",
    "ru": "ВКЛ.",
    "nl": "AAN",
    "cs": "ZAP",
    "no": "PÅ",
    "se": "",
    "da": "TIL",
    "ar": "تشغيل",
    "tr": "AÇIK",
    "it": "SU",
    "es-419": "ACTIVADO",
    "pt-br": "ATIVADO",
    "sv": "PÅ"
  },
  "off": {
    "en": "OFF",
    "fr": "DÉSACTIVÉ",
    "es": "NO",
    "de": "AUS",
    "pt": "NÃO ",
    "hu": "KI",
    "ro": "DEZACTIVAT",
    "pl": "WYŁ.",
    "bg": "ИЗКЛ.",
    "ru": "ВЫКЛ.",
    "nl": "UIT",
    "cs": "VYP",
    "no": "AV",
    "se": "",
    "da": "FRA",
    "ar": "إيقاف",
    "tr": "KAPALI",
    "it": "NO",
    "es-419": "DESACTIVADO",
    "pt-br": "DESATIVADO",
    "sv": "AV"
  },
  "select_character": {
    "en": "SELECT CHARACTER",
    "fr": "SÉLECTION DU PERSONNAGE",
    "es": "SELECCIONAR PERSONAJE",
    "de": "CHARAKTER AUSWÄHLEN",
    "pt": "SELECIONAR PERSONAGEM",
    "hu": "VÁLASSZ KARAKTERT!",
    "ro": "ALEGE PERSONAJUL",
    "pl": "WYBIERZ POSTAĆ",
    "bg": "ИЗБОР НА ГЕРОЙ",
    "ru": "ВЫБОР ПЕРСОНАЖА",
    "nl": "KIES EEN PERSONAGE",
    "cs": "VYBER SI POSTAVU",
    "no": "VELG FIGUR",
    "se": "",
    "da": "VÆLG KARAKTER",
    "ar": "اختيار الشخصية",
    "tr": "KARAKTER SEÇ",
    "it": "SELEZIONA UN PERSONAGGIO",
    "es-419": "SELECCIONAR PERSONAJE",
    "pt-br": "SELECIONAR PERSONAGEM",
    "sv": "VÄLJ KARAKTÄR"
  },
  "score_bonus": {
    "en": "SCORE BONUS: <num>%",
    "fr": "POINTS DE BONUS : <num>%",
    "es": "BONUS DE PUNTUACIÓN: <num> %",
    "de": "PUNKTESTAND BONUS: <num>%",
    "pt": "BÓNUS DE PONTUAÇÃO: <num>%",
    "hu": "PONTBÓNUSZ: <num>%",
    "ro": "SCOR BONUS: <num>%",
    "pl": "PREMIA PUNKTOWA: <num>%",
    "bg": "БОНУС ЗА РЕЗУЛТАТ: <num>%",
    "ru": "БОНУС К СЧЕТУ: <num>%",
    "nl": "SCOREBONUS: <num>%",
    "cs": "BONUS KE SKÓRE: <num> %",
    "no": "POENGBONUS: <num> %",
    "se": "",
    "da": "SCOREBONUS: <num>%",
    "ar": "النتيجة الإضافية: <num>%‏",
    "tr": "PUAN BONUSU: %<num>",
    "it": "BONUS PUNTEGGIO: <num>%",
    "es-419": "PUNTOS ADICIONALES: <num>%",
    "pt-br": "BÔNUS DE PONTUAÇÃO: <num>%",
    "sv": "POÄNGBONUS: <num> %"
  },
  "play": {
    "en": "PLAY",
    "fr": "JOUER",
    "es": "JUGAR",
    "de": "SPIELEN",
    "pt": "JOGAR",
    "hu": "INDÍTÁS",
    "ro": "JOACĂ",
    "pl": "GRAJ",
    "bg": "ИГРАЙ",
    "ru": "ИГРАТЬ",
    "nl": "SPEEL",
    "cs": "HRÁT",
    "no": "SPILL",
    "se": "",
    "da": "SPIL",
    "ar": "العب",
    "tr": "OYNA",
    "it": "GIOCA",
    "es-419": "JUGAR",
    "pt-br": "JOGAR",
    "sv": "SPELA"
  },
  "locked": {
    "en": "LOCKED",
    "fr": "VERROUILLÉ",
    "es": "BLOQUEADO",
    "de": "GESPERRT",
    "pt": "BLOQUEADO",
    "hu": "ZÁROLT",
    "ro": "BLOCAT",
    "pl": "BLOKADA",
    "bg": "ЗАКЛЮЧЕН",
    "ru": "НЕДОСТУПНО",
    "nl": "VERGRENDELD",
    "cs": "UZAMČENO",
    "no": "LÅST",
    "se": "",
    "da": "LÅST",
    "ar": "مقفل",
    "tr": "KİLİTLİ",
    "it": "BLOCCATO",
    "es-419": "BLOQUEADO",
    "pt-br": "BLOQUEADO",
    "sv": "LÅST"
  },
  "plus_bonus": {
    "en": "+<num>% bonus",
    "fr": "+<num> % de bonus",
    "es": "+<num> % de bonus",
    "de": "+<num>% bonus",
    "pt": "+<num>% bonus",
    "hu": "+<num>% bónusz",
    "ro": "+<num>% bonus",
    "pl": "Premia +<num>%",
    "bg": "+<num>% бонус",
    "ru": "+<num>% бонус",
    "nl": "+<num>% bonus",
    "cs": "+<num>% bonus",
    "no": "+<num> % bonus",
    "se": "",
    "da": "+<num>% Bonus",
    "ar": "‏+<num>% من النقاط الإضافية",
    "tr": "+%<num> Bonus",
    "it": "Bonus +<num>%",
    "es-419": "+<num>% adicional",
    "pt-br": "+<num>% bônus",
    "sv": "+<num> % bonus"
  },
  "gumball": {
    "en": "GUMBALL",
    "fr": "GUMBALL",
    "es": "GUMBALL",
    "de": "Gumball",
    "pt": "GUMBALL",
    "hu": "GUMBALL",
    "ro": "GUMBALL",
    "pl": "Gumball",
    "bg": "ГЪМБОЛ",
    "ru": "ГАМБОЛ",
    "nl": "GUMBALL",
    "cs": "GUMBALL",
    "no": "GUMBALL",
    "se": "",
    "da": "GUMBALL",
    "ar": "غامبول",
    "tr": "GUMBALL",
    "it": "GUMBALL",
    "es-419": "GUMBALL",
    "pt-br": "GUMBALL",
    "sv": "GUMBALL"
  },
  "farmboy_gumball": {
    "en": "FARMBOY GUMBALL",
    "fr": "GUMBALL LE PAYSAN",
    "es": "GUMBALL CAMPESINO",
    "de": "FARMJUNGE GUMBALL",
    "pt": "GUMBALL FAZENDEIRO",
    "hu": "GUMBALL, AZ IFJÚ FARMER",
    "ro": "FERMIERUL GUMBALL",
    "pl": "ROLNIK GUMBALL",
    "bg": "ГЪМБОЛ - ФЕРМЕРЧЕТО",
    "ru": "ФЕРМЕР ГАМБОЛ",
    "nl": "BOEREN-GUMBALL",
    "cs": "FARMÁŘGUMBALL",
    "no": "GÅRDSGUTT-GUMBALL",
    "se": "",
    "da": "BONDEDRENG GUMBALL",
    "ar": "غامبول المزارع",
    "tr": "ÇİFTÇİ GUMBALL",
    "it": "GUMBALL CONTADINO",
    "es-419": "GRANJERO GUMBALL",
    "pt-br": "GUMBALL FAZENDEIRO",
    "sv": "LANTIS-GUMBALL"
  },
  "princess_darwin": {
    "en": "PRINCESS DARWIN",
    "fr": "PRINCESSE DARWIN",
    "es": "PRINCESA DARWIN",
    "de": "PRINZESSIN DARWIN",
    "pt": "PRINCESA DARWIN",
    "hu": "DARWIN HERCEGNŐ",
    "ro": "PRINȚESA DARWIN",
    "pl": "KSIĘŻNICZKA DARWIN",
    "bg": "ДАРВИН - ПРИНЦЕСАТА",
    "ru": "ПРИНЦЕССА ДАРВИН",
    "nl": "PRINSES DARWIN",
    "cs": "PRINCEZNA DARWIN",
    "no": "PRINSESSE-GUMBALL",
    "se": "",
    "da": "PRINSESSE DARWIN",
    "ar": "الأميرة داروين",
    "tr": "PRENSES DARWIN",
    "it": "DARWIN PRINCIPESSA",
    "es-419": "PRINCESA DARWIN",
    "pt-br": "DARWIN PRINCESA",
    "sv": "PRINCESSAN DARWIN"
  },
  "scavenger_anais": {
    "en": "SCAVENGER ANAIS",
    "fr": "ANAÏS LA CHAROGNARDE",
    "es": "ANAÍS SAQUEADORA",
    "de": "PLÜNDERER ANAIS",
    "pt": "ANAÍS CAÇADORA ",
    "hu": "ANAIS, A DZSAVA",
    "ro": "CĂUTĂTOREA DE COMORI ANAIS",
    "pl": "ZŁOMIARKA ANAIS",
    "bg": "АНАИС - СЪБИРАЧЪТ СКИТНИК",
    "ru": "СТРАННИЦА АНАИС",
    "nl": "PLUNDERAAR ANAIS",
    "cs": "MRCHOŽROUT ANAIS",
    "no": "SKATTEJAKT-ANAIS",
    "se": "",
    "da": "SKROTSAMLER ANAIS",
    "ar": "إناييس الكاسحة",
    "tr": "ÇÖPÇÜ ANAIS",
    "it": "ANAIS SPAZZINA",
    "es-419": "EXPLORADORA ANAÍS",
    "pt-br": "ANAÍS CAÇADORA",
    "sv": "SAKLETAR-ANAIS"
  },
  "hermit_wizard_richard": {
    "en": "HERMIT WIZARD RICHARD",
    "fr": "RICHARD LE SORCIER ERMITE",
    "es": "RICHARD MAGO ERMITAÑO",
    "de": "EINSIEDLER ZAUBERER RICHARD ",
    "pt": "RICHARD FEITICEIRO EREMITA ",
    "hu": "RICHARD, A VARÁZSLÓ",
    "ro": "RICHARD VRĂJITORUL SINGURATIC",
    "pl": "EREMITA RICHARD",
    "bg": "РИЧАРД - ОТШЕЛНИКЪТ МАГЬОСНИК",
    "ru": "МАГ-ОТШЕЛЬНИК РИЧАРД",
    "nl": "KLUIZENAAR/TOVENAAR RICHARD",
    "cs": "KOUZELNÍK SAMOTÁŘ RICHARD",
    "no": "EREMITTROLLMANN-RICHARD",
    "se": "",
    "da": "ENEBOER RICHARD",
    "ar": "ريتشارد الساحر الراهب",
    "tr": "MÜNZEVİ BÜYÜCÜ RICHARD",
    "it": "RICHARD MAGO EREMITA",
    "es-419": "MAGO ERMITAÑO RICHARD",
    "pt-br": "RICARDO MAGO EREMITA",
    "sv": "EREMITTROLLKARL-RICKARD"
  },
  "space_bear_penny": {
    "en": "SPACE BEAR PENNY",
    "fr": "PENNY L'OURSE DE L'ESPACE",
    "es": "PENNY OSA ESPACIAL",
    "de": "WELTALL BÄR PENNY",
    "pt": "PENNY URSO ESPACIAL",
    "hu": "PENNY, AZ ŰRMACKÓ",
    "ro": "PENNY URSUL SPAȚIAL",
    "pl": "KOSMICZNY NIEDŹWIEDŹ PENNY",
    "bg": "ПЕНИ - КОСМИЧЕСКАТА МЕЧКА",
    "ru": "ЗВЕЗДНАЯ МЕДВЕДИЦА ПЕННИ",
    "nl": "RUIMTEBEER PENNY",
    "cs": "VESMÍRNÝ MEDVÍDEK PENNY",
    "no": "ROMBJØRN-PENNY",
    "se": "",
    "da": "RUMBJØRN PENNY",
    "ar": "بيني دب الفضاء",
    "tr": "UZAY AYISI PENNY",
    "it": "NOCCIOLINA ORSO DELLO SPAZIO",
    "es-419": "OSO ESPACIAL PENNY",
    "pt-br": "PENNY URSA ESPACIAL",
    "sv": "RYMDBJÖRN-PENNY"
  },
  "dark_warrior_banana_joe": {
    "en": "DARK WARRIOR BANANA JOE",
    "fr": "JOE LA BANANE LE GUERRIER NOIR",
    "es": "BANANA JOE GUERRERO OSCURO",
    "de": "DUNKLER KRIEGER BANANA JOE",
    "pt": "BANANA JOE GUERREIRO ESCURO ",
    "hu": "BANÁN JOE, A SÖTÉT LOVAG",
    "ro": "BANANA JOE RĂZBOINICUL ÎNTUNERICULUI",
    "pl": "MROCZNY WOJOWNIK BANANA JOE",
    "bg": "БАНАНА ДЖО - ТЪМНИЯТ ВОИН",
    "ru": "ТЕМНЫЙ ВОИН БАНАНА ДЖО",
    "nl": "DUISTERE KRIJGER BANAANTJE JOE",
    "cs": "TEMNÝ BOJOVNÍK BANÁN JOE",
    "no": "MØRK KRIGER-JAN BANAN",
    "se": "",
    "da": "MØRK KRIGER BANAN JOE",
    "ar": "الموزة جو محارب الظلام",
    "tr": "KARA SAVAŞÇI MUZ JOE",
    "it": "BANANA JOE GUERRIERO OSCURO",
    "es-419": "GUERRERO OSCURO BANANA JOE",
    "pt-br": "JOÃO BANANA GUERREIRO OBSCURO",
    "sv": "MÖRKA KRIGAREN JAN BANAN"
  },
  "speed_bonus": {
    "en": "SPEED BONUS +<num>",
    "fr": "BONUS DE VITESSE +<num>",
    "es": "BONUS DE VELOCIDAD +<num>",
    "de": "GESCHWINDIGKEITSBONUS +<num>",
    "pt": "BÓNUS DE VELOCIDADE +<num>",
    "hu": "SEBESSÉGBÓNUSZ: +<num>",
    "ro": "BONUS DE VITEZĂ +<num>",
    "pl": "PREMIA DO SZYBKOŚCI +<num>",
    "bg": "БОНУС ЗА СКОРОСТ +<num>",
    "ru": "БОНУС К СКОРОСТИ +<num>",
    "nl": "SNELHEIDSBONUS +<num>",
    "cs": "RYCHLOSTNÍ BONUS +<num>",
    "no": "FARTSBONUS +<num>",
    "se": "",
    "da": "FARTBONUS +<num>",
    "ar": "السرعة الإضافية +<num>‏",
    "tr": "HIZ BONUSU +<num>",
    "it": "BONUS VELOCITÀ +<num>",
    "es-419": "BONUS POR VELOCIDAD +<num>",
    "pt-br": "BÔNUS DE VELOCIDADE +<num>",
    "sv": "HASTIGHETSBONUS +<num>"
  },
  "so_close": {
    "en": "SO CLOSE!",
    "fr": "OUPS, TU Y ÉTAIS PRESQUE !",
    "es": "¡POR LOS PELOS!",
    "de": "FAST!",
    "pt": "QUASE!",
    "hu": "MAJDNEM!",
    "ro": "CÂT PE-ACI!",
    "pl": "TAK BLISKO!",
    "bg": "БЕШЕ ТОЛКОВА БЛИЗО!",
    "ru": "ПОЧТИ ВЫШЛО!",
    "nl": "BIJNA!",
    "cs": "TAK BLÍZKO!",
    "no": "SÅ NÆRT!",
    "se": "",
    "da": "SÅ TÆT PÅ!",
    "ar": "قريب للغاية!‏",
    "tr": "ÇOK YAKLAŞTIN!",
    "it": "PER UN PELO!",
    "es-419": "¡CASI!",
    "pt-br": "POR POUCO!",
    "sv": "SÅ NÄRA!"
  },
  "just_to_unlock": {
    "en": "JUST <num> TO UNLOCK",
    "fr": "ENCORE <num> POUR DÉBLOQUER",
    "es": "SOLO <num> PARA DESBLOQUEAR",
    "de": "NUR <num> ZUM FREISCHALTEN",
    "pt": "APENAS <num> PARA DESBLOQUEAR",
    "hu": "CSAK <num> KELL A MEGSZERZÉSÉHEZ",
    "ro": "DOAR <num> PENTRU A DEBLOCA",
    "pl": "JESZCZE TYLKO <num> DO ZDJĘCIA BLOKADY",
    "bg": "ТРЯБВАТ ТИ <num> ЗА ОТКЛЮЧВАНЕ НА",
    "ru": "ЕЩЕ <num>, ЧТОБЫ ОТКРЫТЬ",
    "nl": "NOG <num> OM VRIJ TE SPELEN",
    "cs": "JEN <num> K ODEMČENÍ",
    "no": "BARE <num> FOR Å LÅSE OPP",
    "se": "",
    "da": "KUN <num> TIL OPLÅSNING",
    "ar": "متبقِ <num> للفتح",
    "tr": "AÇMAK İÇİN SADECE <num> ",
    "it": "SOLO <num> PER SBLOCCARLO",
    "es-419": "SOLO <num> PARA DESBLOQUEAR",
    "pt-br": "APENAS <num> PARA DESBLOQUEAR",
    "sv": "BARA <num> FÖR ATT LÅSA UPP"
  },
  "just_to_beat": {
    "en": "JUST <num> TO BEAT",
    "fr": "ENCORE <num> POUR BATTRE",
    "es": "¡SOLO <num> PARA SUPERAR",
    "de": "NUR <num> UM ZU GEWINNEN",
    "pt": "APENAS <num> PARA VENCER",
    "hu": "CSAK <num> KELL A LEGYŐZÉSÉHEZ",
    "ro": "DOAR <num> PENTRU A BATE",
    "pl": "JESZCZE TYLKO <num> DO",
    "bg": "САМО <num> И ЩЕШЕ ДА ПОДОБРИШ",
    "ru": "ЕЩЕ <num>, ЧТОБЫ ПОБЕДИТЬ",
    "nl": "NOG <num> OM TE VERSLAAN",
    "cs": "JEN <num> A PADNE",
    "no": "BARE <num> FOR Å SLÅ",
    "se": "",
    "da": "KUN <num> AT SLÅ",
    "ar": "متبقِ <num> للفوز",
    "tr": "GEÇMEK İÇİN SADECE <num>",
    "it": "SOLO <num> PER SUPERARLO",
    "es-419": "SOLO <num> PARA GANAR",
    "pt-br": "APENAS <num> PARA VENCER",
    "sv": "BARA <num> FÖR ATT SLÅ REKORD"
  },
  "your_highscore": {
    "en": "YOUR HIGHSCORE!",
    "fr": "TON MEILLEUR SCORE !",
    "es": "TU PUNTUACIÓN MÁXIMA!",
    "de": "DEIN REKORD!",
    "pt": "O TEU RECORDE!",
    "hu": "A REKORDOD!",
    "ro": "SCORUL TĂU MAXIM!",
    "pl": "TWOJEGO REKORDU!",
    "bg": "СВОЯ РЕКОРД!",
    "ru": "ТВОЙ РЕКОРД!",
    "nl": "JOUW HOOGSTE SCORE!",
    "cs": "TVŮJ REKORD!",
    "no": "DIN HØYESTE POENGSUM",
    "se": "",
    "da": "DIN HIGHSCORE!",
    "ar": "أعلى نتائجك!‏",
    "tr": "REKORUN!",
    "it": "PUNTEGGIO RECORD!",
    "es-419": "¡TU RÉCORD!",
    "pt-br": "SUA PONTUAÇÃO MAIS ALTA!",
    "sv": "DITT POÄNGREKORD!"
  },
  "keep_going_with": {
    "en": "KEEP GOING WITH X2?",
    "fr": "ON CONTINUE AVEC X2 ?",
    "es": "¿CONTINUAR CON X2?",
    "de": "MIT X2 WEITERMACHEN?",
    "pt": "CONTINUAR COM X2?",
    "hu": "FOLYTATOD 2X-ES SEBESSÉGGEL?",
    "ro": "CONTINUI CU X2?",
    "pl": "KONTYNUOWAĆ Z PREMIĄ ×2?",
    "bg": "ИСКАШ ЛИ ДА ПРОДЪЛЖИШ С \"Х2\"?",
    "ru": "ПРОДОЛЖИТЬ С X2?",
    "nl": "VERDERGAAN MET 2X?",
    "cs": "POŘÁD S X2?",
    "no": "VIL DU FORTSETTE MED X2?",
    "se": "",
    "da": "FORTSÆT MED X2?",
    "ar": "هل تريد الاستمرار باستخدام X2؟",
    "tr": "X2 İLE DEVAM ET?",
    "it": "CONTINUI CON X2?",
    "es-419": "¿CONTINUAR CON X2?",
    "pt-br": "CONTINUAR COM X2?",
    "sv": "KÖR VIDARE MED X2?"
  },
  "you_rock": {
    "en": "YOU ROCK!",
    "fr": "TU DÉCHIRES !",
    "es": "¡TE HAS ESTRELLADO!",
    "de": "DU BIST HAMMER!",
    "pt": "ÉS O MAIOR!",
    "hu": "ÜGYES VAGY!",
    "ro": "EȘTI TARE!",
    "pl": "ELEGANCKO!",
    "bg": "НЕВЕРОЯТЕН СИ!",
    "ru": "МОЛОДЕЦ!",
    "nl": "GOED BEZIG!",
    "cs": "VÁLÍŠ!",
    "no": "DU ROCKER!",
    "se": "",
    "da": "DU ER SÅ SEJ!",
    "ar": "أنت مذهل!‏",
    "tr": "YAKIYORSUN!",
    "it": "GRANDISSIMO!",
    "es-419": "¡ERES EL MEJOR!",
    "pt-br": "VOCÊ DETONA!",
    "sv": "DU REGERAR!"
  },
  "continue_and_improve": {
    "en": "CONTINUE AND IMPROVE",
    "fr": "CONTINUE À T'AMÉLIORER",
    "es": "CONTINÚA Y MEJORA",
    "de": "WEITERMACHEN UND VERBESSERN",
    "pt": "CONTINUAR E MELHORAR",
    "hu": "FOLYTASD ÉS FEJLŐDJ!",
    "ro": "CONTINUĂ ȘI ÎMBUNĂTĂȚEȘTE",
    "pl": "GRAJ DALEJ I RÓB POSTĘPY",
    "bg": "ПРОДЪЛЖАВАЙ И СЕ УСЪВЪРШЕНСТВАЙ",
    "ru": "ПРОДОЛЖАЙ ПОВЫШАТЬ МАСТЕРСТВО",
    "nl": "GA VERDER EN WORD BETER",
    "cs": "POKRAČUJ A ZLEPŠI",
    "no": "FORTSETT OG FORBEDRE",
    "se": "",
    "da": "FORTSÆT FOR AT FORBEDRE",
    "ar": "استمر وقم بتحسين",
    "tr": "DEVAM ET VE REKORUNU GELİŞTİR",
    "it": "CONTINUA E MIGLIORA",
    "es-419": "SIGUE Y MEJORA",
    "pt-br": "CONTINUAR E MELHORAR",
    "sv": "FORTSÄTT OCH BLI BÄTTRE"
  },
  "yes": {
    "en": "YES",
    "fr": "OUI",
    "es": "SÍ",
    "de": "JA",
    "pt": "SIM",
    "hu": "IGEN",
    "ro": "DA",
    "pl": "TAK",
    "bg": "ДА",
    "ru": "ДА",
    "nl": "JA",
    "cs": "ANO",
    "no": "JA",
    "se": "",
    "da": "JA",
    "ar": "نعم",
    "tr": "EVET",
    "it": "SÌ",
    "es-419": "SÍ",
    "pt-br": "SIM",
    "sv": "JA"
  },
  "no_thanks": {
    "en": "NO, THANKS",
    "fr": "NON, MERCI",
    "es": "NO, GRACIAS",
    "de": "NEIN DANKE",
    "pt": "NÃO, OBRIGADO",
    "hu": "NEM, KÖSZÖNÖM",
    "ro": "NU, MERSI",
    "pl": "NIE, DZIĘKI",
    "bg": "НЕ, БЛАГОДАРЯ.",
    "ru": "НЕТ, СПАСИБО",
    "nl": "NEE, BEDANKT",
    "cs": "NE, DÍKY",
    "no": "NEI TAKK",
    "se": "",
    "da": "NEJ TAK",
    "ar": "لا، شكرًا",
    "tr": "HAYIR, TEŞEKKÜRLER",
    "it": "NO, GRAZIE",
    "es-419": "NO, GRACIAS",
    "pt-br": "NÃO, OBRIGADO",
    "sv": "NEJ TACK"
  },
  "well_done": {
    "en": "WELL DONE!",
    "fr": "BIEN JOUÉ !",
    "es": "¡BIEN HECHO!",
    "de": "GUT GEMACHT!",
    "pt": "MUITO BEM!",
    "hu": "SZÉP MUNKA!",
    "ro": "BRAVO!",
    "pl": "ŚWIETNIE!",
    "bg": "БРАВО!",
    "ru": "ОТЛИЧНО!",
    "nl": "GOED GEDAAN!",
    "cs": "DOBRÁ PRÁCE!",
    "no": "GODT JOBBET!",
    "se": "",
    "da": "GODT GÅET!",
    "ar": "أحسنت!‏",
    "tr": "TEBRİKLER!",
    "it": "MOLTO BENE!",
    "es-419": "¡BIEN HECHO!",
    "pt-br": "MUITO BEM!",
    "sv": "BRA JOBBAT!"
  },
  "you_scored": {
    "en": "YOU SCORED: <num>",
    "fr": "TU AS MARQUÉ : <num>",
    "es": "TU PUNTUACIÓN: <num>",
    "de": "DEIN PUNKTESTAND: <num>",
    "pt": "PONTUASTE: <num>",
    "hu": "PONTSZÁMOD: <num>",
    "ro": "AI OBȚINUT: <num>",
    "pl": "TWÓJ WYNIK: <num>",
    "bg": "ТВОЯТ РЕЗУЛТАТ: <num>",
    "ru": "ТВОЙ СЧЕТ: <num>",
    "nl": "JE SCORE: <num>",
    "cs": "TVÉ SKÓRE: <num>",
    "no": "DU FIKK: <num>",
    "se": "",
    "da": "DU SCOREDE: <num>",
    "ar": "لقد حققت: <num>‏",
    "tr": "PUANIN: <num>",
    "it": "IL TUO PUNTEGGIO: <num>",
    "es-419": "TU PUNTAJE: <num>",
    "pt-br": "VOCÊ MARCOU: <num> PONTOS",
    "sv": "DIN POÄNG: <num>"
  },
  "stars_collected": {
    "en": "STARS COLLECTED: <num>",
    "fr": "ÉTOILES RÉCUPÉRÉES : <num>",
    "es": "ESTRELLAS CONSEGUIDAS: <num>",
    "de": "STERNE EINGESAMMELT: <num>",
    "pt": "ESTRELAS RECOLHIDAS: <num>",
    "hu": "ÖSSZEGYŰJTÖTT CSILLAG: <num>",
    "ro": "STELE ADUNATE: <num>",
    "pl": "ZEBRANE GWIAZDKI: <num>",
    "bg": "СЪБРАНИ ЗВЕЗДИ: <num>",
    "ru": "СОБРАНО ЗВЕЗД: <num>",
    "nl": "STERREN GEPAKT: <num>",
    "cs": "NASBÍRANÉ HVĚZDY: <num>",
    "no": "STJERNER SAMLET INN: <num>",
    "se": "",
    "da": "STJERNER SAMLET: <num>",
    "ar": "النجوم التي جمعتها: <num>‏",
    "tr": "TOPLANILAN YILDIZLAR: <num>",
    "it": "STELLE RACCOLTE: <num>",
    "es-419": "ESTRELLAS: <num>",
    "pt-br": "ESTRELAS COLETADAS: <num>",
    "sv": "SAMLADE STJÄRNOR: <num>"
  },
  "best_score": {
    "en": "BEST SCORE: <num>",
    "fr": "MEILLEUR SCORE : <num>",
    "es": "MEJOR PUNTUACIÓN: <num>",
    "de": "BESTER PUNKTESTAND: <num>",
    "pt": "MELHOR PONTUAÇÃO: <num>",
    "hu": "REKORD: <num>",
    "ro": "SCOR MAXIM: <num>",
    "pl": "NAJLEPSZY WYNIK: <num>",
    "bg": "РЕКОРД: <num>",
    "ru": "ЛУЧШИЙ СЧЕТ: <num>",
    "nl": "BESTE SCORE: <num>",
    "cs": "REKORD: <num>",
    "no": "BESTE POENGSUM: <num>",
    "se": "",
    "da": "BEDSTE SCORE: <num>",
    "ar": "أفضل نتيجة: <num>‏",
    "tr": "REKOR: <num>",
    "it": "MIGLIOR PUNTEGGIO: <num>",
    "es-419": "MEJOR PUNTAJE: <num>",
    "pt-br": "MELHOR PONTUAÇÃO: <num>",
    "sv": "POÄNGREKORD: <num>"
  },
  "best_loot": {
    "en": "BEST LOOT: <num>",
    "fr": "MEILLEUR BUTIN : <num>",
    "es": "MEJOR BOTÍN: <num>",
    "de": "BESTE BEUTE: <num>",
    "pt": "MELHOR SAQUE: <num>",
    "hu": "LEGNAGYOBB ZSÁKMÁNY: <num>",
    "ro": "CEA MAI VALOROASĂ COMOARĂ: <num>",
    "pl": "NAJWIĘKSZY ŁUP: <num>",
    "bg": "РЕКОРДЕН БРОЙ ЗВЕЗДИ: <num>",
    "ru": "ЛУЧШАЯ ДОБЫЧА: <num>",
    "nl": "BESTE BUIT: <num>",
    "cs": "NEJLEPŠÍ KOŘIST: <num>",
    "no": "BESTE RUNDE: <num>",
    "se": "",
    "da": "BEDSTE BYTTE: <num>",
    "ar": "أفضل الغنائم: <num>‏",
    "tr": "GANİMET REKORU: <num>",
    "it": "MIGLIOR BOTTINO: <num>",
    "es-419": "MEJOR BOTÍN: <num>",
    "pt-br": ": <num>",
    "sv": "BÄST ANTAL SKATTER: <num>"
  },
  "ok": {
    "en": "OK",
    "fr": "OK",
    "es": "ACEPTAR",
    "de": "OK",
    "pt": "OK",
    "hu": "OK",
    "ro": "OK",
    "pl": "OK",
    "bg": "ОК",
    "ru": "ОК",
    "nl": "OKÉ",
    "cs": "OK!",
    "no": "OK",
    "se": "",
    "da": "Ok",
    "ar": "قبول",
    "tr": "TAMAM",
    "it": "OK",
    "es-419": "OK",
    "pt-br": "OK",
    "sv": "OK"
  },
  "no_javascript": {
    "en": "Sorry, your browser does not support JavaScript! Please try another game.",
    "fr": "Désolé, ton navigateur ne prend pas en charge JavaScript ! Pourquoi ne pas essayer un autre jeu ? Pourquoi ne pas essayer un autre jeu ?",
    "es": "Lo sentimos, tu navegador no es compatible con JavaScript. Por favor, prueba con otro juego.",
    "de": "Leider unterstützt dein Browser JavaScript nicht! Versuch es mit einem anderen Spiel.",
    "pt": "Lamentamos, mas o teu browser não suporta JavaScript! Tenta outro jogo.",
    "hu": "Sajnos a böngésződ nem támogatja a JavaScriptet! Próbálj ki egy másik játékot!",
    "ro": "Ne pare rău, navigatorul tău nu este compatibil cu JavaScript! Încearcă alt joc.",
    "pl": "Przykro nam, ale twoja przeglądarka nie obsługuje języka JavaScript!  Spróbuj zagrać w inną grę.",
    "bg": "За съжаление, твоят браузър не поддържа JavaScript. Моля, опитай друга игра. Моля, опитай друга игра.",
    "ru": "Этот браузер не поддерживает JavaScript! Сыграй во что-нибудь еще.",
    "nl": "Helaas ondersteunt je browser geen JavaScript! Probeer een ander spel.",
    "cs": "Je nám líto, tvůj prohlížeč nepodporuje JavaScript! Zkus jinou hru.",
    "no": "Vi beklager, men nettleseren din støtter ikke JavaScript! Prøv et annet spill.",
    "sv": "Tyvärr stöder inte din webbläsare JavaScript! Prova ett annat spel.",
    "da": "Vi beklager, men din browser understøtter ikke JavaScript! Prøv et andet spil.",
    "ar": "عذرًا، المتصفح الخاص بك لا يدعم JavaScript!  حاول تشغيل لعبة أخرى.",
    "tr": "Üzgünüz, tarayıcın JavaScript'i desteklemiyor! Lütfen başka bir oyunu dene.",
    "it": "Il tuo browser non supporta JavaScript. Scegli un altro gioco.",
    "es-419": "Lo sentimos. ¡Tu navegador no es compatible con Javascript! Prueba otro juego.",
    "pt-br": "Desculpe, seu navegador não é compatível com o JavaScript! Por favor, tente outro jogo."
  }
}